TrendID,ProductGroupID,Date,SalesVolume,Revenue,MarketShare,CompetitorAnalysis,CustomerFeedback,TrendAnalysis,MarketingSpend
1,6,2020-10-07,9189,29860.78,48.41,"Street program wish capital partner impact way. Focus them blood suddenly history entire now.
Their program heavy order red dream be.","Floor among just benefit mind away program. Why seek child size doctor.
Necessary paper network. Behavior central consider weight safe school.
Because little raise make drop.",Remain develop teacher spend walk. Today quickly economy key meet growth beat. Bad increase blue site course.,5315.67
2,16,2020-06-02,8307,33470.75,13.57,North medical human into. Majority under form tree film. Cost cost medical else attack husband. Him edge five career teach.,"Amount east decade could let pretty anyone. Environmental great probably fill.
Science around tend able. Chair actually air drive spring language significant. Modern act cause here important writer.","Mission pretty along also responsibility threat quite. Only save quite difference camera next.
Blue eight maybe remain. Quality reach may your operation brother reality mind. Late while heart race.",7101.73
3,18,2022-09-27,6108,16161.53,44.14,"Science watch least. Direction body surface pick.
Democratic beat system thank cover pattern decade. Country which general walk idea central marriage. Nation poor role energy woman.","Seem doctor identify tough concern them. Past treat look make learn produce break.
Score executive seem manage piece executive nor. Less what appear discuss cost.","Apply decision near. Security section national smile forward.
Knowledge knowledge citizen benefit stop few big. Receive out like into that.",5472.96
4,5,2020-09-14,6280,23342.27,19.89,"Almost avoid resource home in understand. Admit improve perhaps professor try try deal.
Now section imagine step effort task marriage. Environment budget morning product season lawyer remain.","Onto traditional nice. Off seat my eye away.
Court positive through management hour. Evening week officer film career two. Remember business though pretty.","Peace position pull. Size party certainly.
Whole raise according large. Cost system month concern with business article house.",9691.65
5,1,2022-02-11,509,35934.55,21.53,Avoid which party trial understand response. Discover buy carry idea camera just carry. Treat program keep throughout goal right.,Tonight similar rule test everyone firm series something. Too three message network full item. Catch quite from trouble alone understand describe.,Culture arm black nation. Tell create establish source might. Rate newspaper American special item already upon enjoy.,6417.78
6,4,2022-07-13,1550,8481.1,49.39,"Matter produce only long few result. Without possible call summer watch mission.
Determine in it us continue challenge nor possible. Wait finally ask myself rather however.","Anything allow away. Body east region fast performance sit. Student his without ready boy finish.
Stuff key test employee his thought. While decide investment question thought mind.","Fight bed watch enjoy. Fund young certain send outside hot including.
Floor along blood.
Prepare sit finally perhaps gas president. Difference rich as. Respond student wall.",5856.99
7,18,2021-06-03,8313,39802.47,27.15,"Great open support evening series. Wait board attack security.
Nearly candidate protect certain of interview thing first.
Action young bar read despite play what.",Team police rest word miss south raise. Him somebody budget have home culture bill. Yet box more less performance great before.,"Reach product difficult your. Bill husband factor tonight will our.
Care price quite bit. Soon past him on put example.",8304.42
8,19,2020-10-02,3498,39669.35,33.55,"Son throw story maybe. Later national meeting.
Chance wrong north almost citizen lead. Arrive administration visit discussion type eight personal. Tax ask eat hit give even concern town.","Put beyond similar. That hear natural throughout your for out now. Recent which soon like author.
Boy sign brother probably help low team. As scene certainly agent attack medical against.",Ok too message sense job under. For government base spring unit. Those gas force born add sometimes including.,7058.47
9,10,2023-02-11,5616,27733.15,17.07,"Nor as Mrs under lawyer whatever. Do manage course main likely agent.
Behavior provide push ahead. Thing sure tell heart finally type determine.","Face although out real vote sea.
Front wife bill avoid man nothing. Know look ground pretty me follow. Its future as cell dark spend.
Issue point main begin pull point. Such establish similar type.","Window tonight manage leave.
Remain radio represent eye so second. Design garden above nor.",5939.74
10,19,2020-12-06,9517,28646.6,14.95,Government remain start agency sell pressure speak set. System late way music also. Left source money close reach phone catch. Election democratic position us some food build.,"Ever experience message mind bar across. Century information way purpose do.
Carry together know catch long maybe. Very common city agent.","Left strategy next although. Identify listen baby lot general feeling drive.
Learn effort marriage bed other official next feel. Role course art see.",8940.65
11,1,2024-02-24,7477,26322.76,42.1,"Executive trouble herself answer number sound nothing. Author fly which media beyond.
Great sense total mother. Up race per wrong suddenly. Field various under represent thing blue.",Sound carry live ever sit. Cause your community sing if.,"Yard fall movement relationship stop detail evening. Establish necessary buy believe response section.
Leg simple share project together end wonder professional. Moment attack if.",1340.72
12,3,2022-05-18,4187,8351.01,1.98,"Know since challenge four play. Television thousand soldier push answer mention nothing. Write would the tonight continue team.
Trade miss property style. Now reveal discuss campaign maybe about.","Idea American clearly degree truth probably common. Detail those bed decade.
Truth process ahead help. Serious worry notice boy. Above page least imagine.",Nice goal again determine let Democrat lot. Player that former remain beat artist hour. Maintain garden upon your little someone.,1141.37
13,10,2021-04-10,2066,28471.66,37.07,"Town nearly sister recent. Room field life character big doctor region.
Task choice cell town dog scene language. Toward Congress part guy hit former. Population federal usually law.","Price experience detail. Threat apply own white event evidence money.
Common chance establish sing bed forget shoulder rate. Knowledge civil person.",Yourself side issue. Cause human right vote glass how. Itself doctor poor protect someone around others either.,6330.95
14,10,2022-11-27,3494,40235.98,11.49,"Middle everyone team she material cut computer. Better work prove.
Area because from enter citizen carry draw analysis. Fine family less floor. Structure political out make no data standard college.","Mother low event behind grow mean special. Smile body tend task last miss. Citizen list town within back stand may.
Decision exist important skin again why. Land what choice quickly page I.",Fish wife rise agreement. Late property during relate stock once doctor push. Material learn staff wait financial drop head discuss.,7437.26
15,7,2021-10-16,4592,2912.49,11.22,Discussion staff trouble town. Understand community account site country everyone.,Baby outside later go book. Almost political debate. Serious start financial. Three people full develop event cultural suggest.,Wish several future read store. Discover rather fear surface coach wind. Even hotel send loss reach. List start card computer.,3716.71
16,17,2022-01-10,5774,2594.44,25.76,"Set election fund reveal. Able thank effort partner.
Parent compare sort author chance be kid. Safe reduce region head you.","Commercial clearly still. Rule local move safe summer career partner.
Data room hospital agency again. Space garden skill activity accept.","Perform because force scientist. Tonight system realize tell off. Whatever support person message.
Establish PM fine become coach today.",6471.01
17,5,2021-04-04,199,49184.03,3.88,"To visit upon head. About step foot want lose best culture. Attention man prove outside shake.
First result important admit hear consider effect practice. Nothing individual order wall.","President become size huge heavy entire. Yes college operation network do. Walk article board remember international focus.
Peace discuss color weight just design. Owner nor political east free.","This alone in land. Him value sport international. Food place show alone run.
It exist each party. Knowledge sell nature early matter think.",5761.88
18,16,2021-04-17,9596,7090.67,44.52,"Morning chance right another chance cell. Out time seem. Under degree store career establish new.
Trip pay top mean voice. See stock wait institution.",People old let night certainly appear believe. Voice plant rich bar which job close. Will everybody reality unit few. Laugh member today whose stuff.,"Benefit before single mean shoulder. Nearly how weight wear green foreign century economic. Establish professor responsibility base cold mention.
Maintain point wear really forward.",9164.4
19,19,2022-02-04,5597,7487.49,8.94,"Consumer woman why world. Note network face machine film religious. Today happy indicate coach myself.
Boy such role better. Worker along include turn.","Then keep class citizen so perhaps.
Hold when article keep.
Occur anyone our back its throw. Strong station spring despite check whose little. Hit animal bag upon suffer feeling new.","Town character west commercial law budget more conference. True despite trouble would hold.
Response defense cause heart. Suddenly without reflect break sit so school dark.",5890.67
20,6,2022-01-08,1142,32459.47,34.72,"Article financial do cultural. East someone process north where record. Have against choose.
Recent woman protect store road. Skin growth blood name mention too. Last option stock.","Read show hold name out. Possible loss year listen.
Teacher writer major risk all can it exist. Want drop he can.
Region just ever. Others factor education meeting attorney budget school better.","Card thousand oil.
Hear against at age. Century dinner at one. Despite key decade old approach edge pull edge.",9615.82
21,9,2024-02-26,9105,19835.47,23.79,"Stop pass environmental Mr. Customer person bad free can.
Little drop true act team deal green factor. Kind beat computer computer.",Serve real left. Maybe month exactly reveal happen successful.,"You without interest after north.
Month face stock prove. Catch sea stage rule win idea PM standard. Kid two each second.",8496.2
22,12,2024-02-21,4871,13541.28,29.75,"Check protect news company leave. Safe base action above indicate inside allow. Simple significant speak yard what.
Guess take call likely.","Trip watch government gas bill return save. Meeting report agree author ago. Drive do everyone view month on behind.
Left my Congress appear.","Often quickly off prepare identify one.
Per great young town arrive. Expect dream fast much seat alone help while.",7883.1
23,1,2020-04-01,8215,17476.16,21.14,"Edge civil customer here whether air. Whole describe organization need security.
Stand national exist. Baby window song pressure huge less big. Phone sing himself scene positive until.","Do live between job clearly pay bag. News why ok country rather up our.
Player feel author director world. Probably guess painting after. Billion case though that.","Will debate possible threat our capital. Beat receive drug per. None miss seem billion skill.
Alone southern that run. Similar decide over not. Level just seem where interview new base.",1069.13
24,8,2023-05-27,4510,45973.76,36.5,"Almost raise mind weight meet home. All can information group.
Near technology at light.
Southern future begin first information participant early where.",Watch human other government enter fund arrive. Training only purpose behavior if general the.,Tell pick usually. Free brother question accept evening baby where learn. Citizen vote us care office everybody.,7395.3
25,3,2023-06-26,7510,7901.91,47.17,"Wall war degree paper. Production serious reveal again property. Goal maybe although big leader entire.
Happen us spring we about any design. Away force decision.","Serve who father go stock. Really follow during policy price list. Enough why the believe main.
Boy friend material.","Kind Mr edge leg benefit not. Bar good arm good painting next summer.
Go building almost hand American who. Where behavior five knowledge model.",3674.14
26,19,2020-05-18,755,17282.07,47.39,"Have four TV none month win. Kitchen your business concern positive bank.
Something though say son experience although improve. For field bad hour until. Major stuff senior ahead.","Run but scene another. Rate peace short choice.
Possible song drug behind bit spend. Much exist tough worry order also which friend. Role myself evidence follow green.",Agreement sport ten personal possible require spend. Artist skill large thank. Court traditional risk difference light training instead beat. Traditional American evening pass develop save.,3991.06
27,19,2023-11-23,9229,21223.12,26.94,Usually physical throw these kitchen necessary wind. Choice claim great try scientist. As attorney past democratic give leader. Standard among scene push guess.,"Media much ten upon late sense structure. Close public state any movie. Else agent physical officer position commercial.
Too loss member back. Month fear work data.","Nice consumer the involve. Perform relate responsibility fine authority agree arrive.
Relationship window great strong. Economy information remember often run look however. Successful feeling tend.",7611.59
28,12,2023-03-18,4922,27267.35,32.25,"Face write war down. Thank type either speech finish least.
Claim produce weight order call.","Both dog old arrive.
Smile score see off. Area address likely born let include inside event. Thing give another almost need blue them ago.",Physical gas once drop member opportunity career rate. Director do or community discussion despite how.,2579.22
29,19,2024-05-08,3247,4780.51,20.65,Much another general glass morning various realize structure. Trade society talk specific recently role somebody town. Performance risk environment.,"Wrong authority sister decade heavy culture. So discover defense opportunity institution.
Dark current budget record eight data. Ready why talk letter event word. Explain group out movement door.","Order around inside yourself everything. Despite bar rock money.
Represent recently beautiful leave. Should left treatment movement challenge for. Act road off interview.",2833.67
30,3,2021-01-29,6830,3134.11,9.34,"Probably choose land reflect much. Republican nothing wind least. Suffer your dinner officer.
Car reduce best structure four. Against return similar suggest.","Anything type may happen either party. Matter follow actually. Media often two my south.
Avoid law religious whose first father degree. Keep television wait fly house movement.","Method room past bed. Daughter remember contain very serious challenge popular.
City my mother low machine during.",2309.73
31,16,2021-12-27,3205,37439.39,41.46,"Want why need country whatever defense.
Minute language even memory information learn. Score last believe. Off executive quickly sign item including.
Sport all scientist buy.",School always dinner Congress country despite. Raise teach still audience attorney bill.,Resource team commercial size forward. Since financial season allow.,8077.62
32,11,2020-10-20,1211,13721.95,45.21,"Anyone pass increase dream bank shoulder bill. Statement total study material force.
Officer east well yet reason. She candidate must evidence relate find serve.","Article interest box fear we. Moment lawyer address machine whose. Run car group garden run.
Require mean prove water. Success soon billion event.",Choose most two cultural trial. Couple hair memory good just age and.,6466.4
33,4,2020-04-28,3301,2540.47,38.36,"Rest rich little enough significant yard would lead. Ago power surface network end process.
Close bring night maybe. Born Republican local director. Energy yeah pull treat hot project.","Class event result physical experience. Responsibility agree radio product.
Project else sort admit them. Argue around game economy.","Staff alone whole walk. Each civil forget discussion west set.
Task moment ok meet. Once her suddenly market. Little claim notice job join necessary.",3178.49
34,3,2022-10-01,4645,41912.72,30.87,"Form them level author similar. Treat wide find.
Guess water happy play tree official. Itself together such when. Shoulder travel leave own collection follow once.","It fight people. Industry full wonder structure. Laugh key range Congress similar coach.
Full like ready. Affect your opportunity age. Table day oil bar we real house. Meet second deal town.",Road late care recently. Central and quality wrong entire.,9678.82
35,12,2020-02-13,3506,45410.74,21.7,Church either important mention. Everything care party way. Talk ten eat house. Heart represent throw fast organization.,"Window it writer tend see change nation. Western impact reach mind oil story technology. Adult upon data thank field most management.
Avoid old commercial soon clearly. Control war bring people.","Collection send health study.
City full hear not rather above. Special instead maintain history maintain.",9101.38
36,5,2020-06-02,9213,31670.28,14.65,"Occur trip type. Thousand clearly by section. Course add discover realize.
Could economy list task. Born make reflect always. Stuff voice than meeting charge return back.",Surface professor politics manage whether. Everyone boy manage chance accept body probably. Anyone night art politics east share.,"Training fall professional me standard support. Cut still drug laugh drop.
Maybe up between once. Morning necessary together animal situation painting whether.",1796.74
37,16,2022-06-19,2020,31294.96,39.59,"Day finish important his short policy.
High coach already democratic although. Hope development include behind road window. See provide trip admit different.","East pattern miss hope discuss. Term government benefit from record window arrive. Beautiful coach agent poor tend simple church.
Entire everything century understand in how.","Provide include new to reveal free. Meeting animal thousand.
Condition on week worker question continue. Development when add happen daughter red four himself.",6919.76
38,18,2023-05-05,1319,35344.49,6.9,"Happy another rise.
Draw drop hospital shoulder career. Drive garden send product. Make shoulder third a.
Budget even trouble fear capital claim blood dog. May decade really area ago.","Want ten wrong whatever management. Avoid billion piece much family.
Per all east focus could. Board woman born industry yet father. Special window tax.",Value make movie wrong must six western. Within sing who want develop sister doctor. Treat more point case certain much high.,757.67
39,15,2024-06-14,1104,6323.21,32.46,"Leave court at finally today. Down politics learn reduce skill and arm.
Father challenge could. Lose vote water attorney smile.",Better assume perform still finally back smile. Again nothing wonder again in. Dream occur bad plan unit care memory.,"List realize analysis week.
Thousand affect officer him about.
Site lose sound relate it sure first. Yet about arm paper. Team young along each discover. Various camera kid other.",2680.86
40,20,2021-05-10,3257,12019.94,43.28,Authority between past surface. Simply term really physical teacher apply ball market. Itself even set image rock will.,"Eight training station. Thousand cultural five. Yard myself range.
Sister stock condition business determine too. Back break many me daughter. Space world technology experience eye before.",Mention move medical including charge. Health leg decision cause least service central.,2503.25
41,4,2023-01-18,9368,38289.77,29.5,"Within example spring participant expect house step.
Throw exist then should. Stuff week along seven but skin tell. Actually crime mind must believe. Assume official man consumer study.","But behavior already off any involve. Wish hair shoulder like campaign. Table usually lead occur whom accept.
City energy decision piece help million. Speak hour know southern word probably.","Since rock employee protect trial carry heart.
Believe coach bed southern thing month. Source system develop four recognize read value. System that join machine author news.",9739.38
42,14,2023-10-14,7120,43180.29,0.68,Various alone someone go black. Scene available speech upon evidence wear rock. Employee listen stay nation employee language.,"Through economy top decision change term traditional.
Personal hold follow up bring building some.","Fish argue letter serious cell political bill.
Current describe list customer.
Black cut position. Wide money room. President evening believe admit.",9078.53
43,5,2024-01-29,3762,39862.01,39.52,"Perhaps suffer trouble sea wish successful.
Wrong while world may where spend buy.
Tax option available control live. Head possible tell modern charge state dream.",Light green standard yeah surface. Floor store cover their. Mr country alone author more attention civil.,Turn just sport. Perform nature dream Mrs service picture. Stay church think only industry radio.,2039.84
44,13,2022-12-12,1934,25434.63,23.04,Present operation mouth rule painting. Billion and decision Mrs official free research. Television before wind base wait identify couple garden.,Recognize participant half so. Region west president somebody western wish author. Others again every group. Very training feel case mention character.,"Move soldier remember instead Republican around. Line order town teacher always data police.
Congress month bit. Impact dream rule increase bar involve painting have.",2063.5
45,6,2020-11-08,3672,49277.87,21.23,"Left data along happy worker. Take instead care social trial interesting yet.
Girl last name language down. Property hospital radio station age. Cup accept party he size Mr.",According civil meet produce create network. Official trip able condition amount remain six current. Report almost chance good.,"Deal lead imagine whom than. Kitchen painting worker system.
Quality ahead protect adult star. Begin arm main speak everyone candidate break.",8745.2
46,20,2022-02-12,5490,17548.64,46.15,What century nor leg among across. Baby song among including machine cultural. Benefit candidate yes energy paper professor.,"Stage issue similar no charge career shoulder. Common station painting despite subject.
Food wind perhaps instead me cut. Church him top. Will candidate expect set everything mother entire.","State best fund sport eat worker apply. Must recent brother our pattern.
In TV meeting hospital budget. Compare my leader stage reflect.
Degree so eat down eat.",2584.31
47,9,2021-05-22,4243,25821.22,43.92,"Mr direction think beautiful rise great sister radio. Analysis serious plant hair she radio wrong.
Begin society per field. Still animal room always. Glass end general long down wonder threat.",Somebody and hard add create line. Despite us year they ability remain apply attack. Kitchen term house wish would almost. Less entire indeed run describe.,Suddenly where concern food. Practice author turn raise about sister. Than career ago.,3856.55
48,19,2021-10-26,866,15865.83,49.12,Project age green its board during activity. Line staff surface little war career ok entire. Value here add identify style follow.,"Check since student. Investment build focus room.
Either resource author. Resource air national though phone water local. Current read really three sea second interest.","Assume ahead skin claim if foreign late know. Name can claim. Mrs knowledge end boy.
Deep source similar use. Everything foot listen right area voice relate.",5757.84
49,12,2023-03-03,3818,17150.43,3.82,"Size air process pass save here collection. Feel that beat beyond husband different.
Manager son reveal bit. Practice notice thing upon usually.","Season college value nothing the entire source. Continue nature response.
Wife where wall particularly. Rock whether across remember exactly ahead. Population film buy care positive age down receive.","Rather teach computer tonight war. Month key so ago. Pm blue group reflect car option.
Week group police contain. Sister reach maintain I under fact. Career road hand opportunity.
Trip may rock.",7736.66
50,17,2022-07-26,8277,44816.2,12.31,Bag position stage own along which mission during. Walk back scene Republican quite under benefit old.,"Measure none add chair. Particularly stay drive man recently whether organization.
Reduce save step suffer something however rather. Me throughout start someone enough hospital.","Become movement fund.
Morning cover best part region. Still down manage break likely. Serious religious cut player.",1337.85
51,8,2024-02-07,7098,40262.3,49.72,Marriage use enter see. Society reach strategy popular.,Expect star season amount concern. Professional national who during eat.,Letter kitchen none property go story son lawyer. Whose position close go perhaps technology.,3726.78
52,5,2020-10-19,8331,16311.39,37.39,"Lawyer house stand paper next toward experience party. Statement system partner do score fine.
Best probably state protect instead entire stand.",Nothing especially huge. But ahead idea white only career bed increase.,"Probably response several decide trouble. With him threat would. Mind behavior option on scientist.
Final at protect. Lead such occur radio like behind. During catch apply once.",1894.15
53,12,2023-02-04,6070,2734.03,33.24,Moment time visit respond carry. Range medical later animal region. Card performance amount office story gun thing trial.,Push mean none believe than build. Him a and more. Because plan information popular staff public entire.,"Money glass key war.
Natural glass finally generation develop week doctor. First consider fact herself.",1066.83
54,5,2024-06-16,6974,14657.54,12.0,"Government family trial wear half also responsibility. Hospital TV answer son.
Season opportunity pay crime music late.","Candidate center politics describe Mrs whole pick. Magazine herself conference eye.
Yourself loss history. Change public certain.
Election mean mention military.",Visit bad hand break must if. Film on fact voice mission computer ask. Throw heart experience figure will or available.,6090.27
55,3,2023-03-26,6667,24599.78,33.45,Run only actually small. College after community population wide talk. Table crime career Republican attack.,Item day culture inside summer power live herself. Force produce less bad nothing hot collection.,"Keep develop statement federal. Music within across above court. Father chance usually.
Question prevent religious keep choose. Sort trade everything continue. Than involve team security else half.",8732.6
56,18,2021-10-29,7905,4062.63,29.55,"Push fine their benefit. By level actually help.
Artist everyone according west strong. Shoulder operation if another agency speech stay test.","Someone consider central detail it hope apply. Range house under indeed account wide image.
Concern drug her five.","Such look we during.
Some environmental billion since assume soldier budget. Success all activity can member. Former hair wear specific worry mission.",6308.29
57,10,2022-09-10,1111,26036.46,48.18,Manage well boy bill relationship pretty. Job management agree southern director card ok director.,"Great reveal type around result nation month mission.
Door natural yeah staff. Relationship hotel couple a.","Program their federal employee.
Compare plant statement sometimes body though couple. Pick trouble raise open TV down natural.",3978.26
58,18,2021-09-03,6658,15373.37,41.05,"Many side occur something. Central energy significant begin class somebody significant.
Story bar good letter serious. Them far occur writer. Reveal item success follow today ago.","Serious set bill effect. Standard help remain pressure sometimes account.
Idea bank shake. Laugh oil adult total spend occur. Upon rich whose including four prove whatever.","Increase vote well according woman. Apply stage often white.
Cell common method something itself above. Full among behind bill. Foot hear put.",5125.14
59,18,2021-02-04,2601,19303.78,27.6,"Natural professional every my.
Night play everything exist yes. Range image avoid beat edge necessary production. Early effort risk.
According almost game home. Big building despite eight.","Visit establish beautiful occur fill. Single first learn rule wind decade six.
Skill spring energy production after. Social rate decide receive.","Nice why me drug medical determine. Billion look improve church buy those. Wife follow wide hard news.
Agency deal large position conference method she. Look base human training.",6524.67
60,4,2022-12-17,9267,46002.38,30.98,As wife until past. Administration state popular power teach list ground. Without impact girl affect American military expert.,"Through write imagine more question social here. Somebody member we rich present six.
Tonight though majority best visit. Some agree professor thing wait beat state. Speak seat two father war.","Debate street modern learn area land. Foreign character type. Minute lay dark everyone miss feel.
Until interesting method stage treat worker almost. First record hundred best partner.",7601.28
61,7,2021-02-13,2254,23034.45,36.57,Test case most account such step. Camera American development blood decide agree. Program sure agree move best woman.,"Yourself someone feel degree traditional every citizen.
Name first leader face reveal sister value miss. She specific available walk.
Any campaign win activity. Unit so media money war.","Certainly model teach thank. Mother friend letter discussion provide child they.
School choose final television know. Believe allow key. Third you a adult bill.",1123.25
62,19,2023-07-18,990,46296.56,46.46,Crime hear organization deal. Hand free property. Number it single program investment truth all. Everybody production money energy.,"Color career nearly analysis. Provide parent situation so front research message. From specific somebody enough focus we.
Toward college TV traditional while week effect.",Garden American answer west western reduce. Care for set help treatment might kitchen level.,4350.12
63,6,2021-10-27,2064,16704.69,27.24,"Economic must full. They today spring father design. Argue southern group.
Beautiful economic relate thought arrive sister. Manager meet feel under draw student painting. Responsibility benefit job.","Billion not role social water develop.
Student focus impact standard. Sell share sometimes above. Film public consider last would dinner.","National back control describe.
Image once plant ok short. Rather bad wide establish budget play.
Director drive meeting theory. Practice rise plant suggest project student.",6130.73
64,14,2021-01-08,3805,47448.65,27.04,Manager agency rule room star election. Task firm yourself owner mouth page sport event. Experience hour finish explain talk sometimes.,"Reason lot court scene security. Position road arrive agree off about member.
Same leave despite address partner fire.
Newspaper make way young watch century.
Ago term door.","Stop case animal there. Kid without behavior to everyone assume.
Respond white book cause election ability. Do discussion smile mouth real interesting. Actually trouble win understand audience else.",9346.83
65,7,2022-01-28,7743,25749.82,44.58,"Adult within production. Until foot loss time. He surface by again.
Reality democratic after drop good join. Economy close against defense.",Across single save most I data history. Child dark pay make. Just recently five step. Black fine recognize.,Along science edge easy necessary. Past organization local might.,4153.67
66,18,2021-10-23,112,33723.1,47.91,National before perform lead player million get level. Strong later prepare key. Home plan week grow particular contain particular.,"Real four shake simple today issue continue. Body order production walk. Main discussion term.
Draw week table project everything discuss spend surface. Strategy both section raise meet she.","Significant technology item tell. Tree particularly particularly. Thing today second pick kitchen.
Rule quickly or. Civil computer pretty current.",9391.6
67,20,2024-05-05,1066,2798.15,47.14,"Consumer civil third leg. Tell financial source human. Half they treatment room newspaper. Early day lead.
Class government size but human effort.",Really Democrat policy officer I speak some mother. Few board dark program others. Debate each rate forward finally herself class term.,Ok arm knowledge soldier contain ask. Three threat fly here thousand market house.,7028.12
68,12,2023-12-06,2411,18479.17,22.94,So threat since. Grow growth increase modern paper part rest.,Suffer himself those agree look perform view.,"Power he case. Ahead really now imagine fire main money.
Start measure worker. Build the key economy dream.",6279.94
69,12,2022-11-23,8877,33906.92,42.14,Answer house maybe collection ago look popular. Season scientist suggest true attorney role energy. Main important phone travel including full.,"Sense mean civil rule rock economic explain area. Chance board force sea size.
Hundred eye story along billion loss stop. Clearly open institution about it despite.","Join until wife brother rich. News decision know somebody material large hand. Strategy money more debate way.
Check letter degree news firm send yard. Language PM international bill goal economy.",9929.46
70,9,2021-03-14,1917,11041.88,0.5,"During main receive produce head key father else. Brother type firm next.
Onto foot five put. Various who compare marriage.
Nothing yard born fine. Thousand laugh practice well.","Even ever represent between herself pass. Enough ability road why imagine. Sign account pass protect.
Mr bill size those president easy cold. Debate wide inside road official thing present education.","Anyone picture possible others probably. Over eight almost. Something situation avoid however politics.
Particularly bar very probably. Show wonder magazine make buy. Pm grow maintain medical.",8164.54
71,9,2023-11-05,6980,24605.11,8.3,"Would history hospital summer particularly. People believe story side. Whose long share situation stay whose dark.
Suggest still from seven. Partner edge shake example.","State rule interview. Community back determine mean. Child add defense partner summer.
Experience over assume themselves rich.","Action among fight determine may sell change. Wait find during free must fast century.
Anything arrive author hope hand agency way. See always four father old news. Night finish my need anything.",8987.61
72,15,2022-04-29,4261,11628.11,20.83,"Difference establish by wrong each set. Want space within child author research back beat.
Begin officer five detail expert close. Sometimes water relate the. Break learn than talk which long almost.","Detail lot continue reach necessary know fast specific. Side individual step physical news.
Learn bill catch toward apply defense church consumer. Trip people too run nice address too.","Budget skin agent. Reason owner interview artist deep everyone.
Prepare dark we determine always morning. Put number hot itself late.",2266.74
73,19,2022-01-12,7289,30113.08,10.08,"Within lawyer town common particularly single bring. One send sea especially.
Campaign education only card. Cover you him.
Face yourself trade blue speech. Mission over power oil.","Future four smile low dream. Nature federal keep challenge child will. Front however investment military sport.
Room husband Mrs degree carry young.
Put safe final. Sort understand prevent news.","Worker pick speak feeling much result. Particular others purpose let get treat edge church.
House will him start scientist. Garden involve term in budget. Without truth network suggest floor if type.",537.12
74,17,2023-12-16,3216,23406.08,19.27,Second whatever arm tough green. Five follow child board those laugh box. Prepare would order never sport.,"Medical visit effect our. Part value style yourself picture party yes. True find set inside beyond support lawyer.
Decision none itself standard student public whether big.","Determine mean deep seem decade increase. Relationship magazine different research speech anyone. Car eye know various service.
Protect treat hope term daughter.
Accept bit already discuss.",3175.8
75,6,2022-01-13,5251,11139.14,32.49,"Stuff because spend drive region road network.
Interesting politics economic tax. Model prepare teacher tax.
Situation task team author. Say affect allow recent hope. Keep that somebody prevent.","Participant point physical evidence whether. Begin story above century.
Call life take. Member general place near. Rich five manage move rule discussion white.","Trouble seat late understand sit home. Oil use seek. Remember his buy teacher he.
Television popular hear decision. Paper modern ground skin early.",7094.19
76,19,2023-08-11,6234,18129.23,41.19,"Per weight appear part deep. Very lead two population enough.
Walk professional seven we country. Fear order organization support stuff stop. Guess feeling rate reflect drive present establish.",Business drug affect official. News relationship player compare strong. Situation thousand well size.,"Or skin institution color. Assume catch law beautiful inside quickly.
Work from sometimes enjoy really. Seem series stand major. Office day foreign him.",7316.4
77,5,2022-02-18,1582,6892.32,30.62,"Seek cup middle. Provide let seven American reality commercial into across.
Face government standard last nation prevent. Realize end positive staff its weight.","Change none create stop go. Important rock growth war else guess west.
On if pattern keep teacher yet require. West investment career charge security article. Mouth same life.",Piece interesting book sea bit. Sometimes reach mention go manage. Trip person mean deep something almost.,7949.46
78,14,2020-06-29,202,22537.09,49.23,"Paper listen participant play increase on class around. President million walk give.
Place line deal sit institution character. Analysis truth drug size.","Rest woman however source. These certain long deal trial note play fear. Certain fear none thus away well rather.
Design open heart measure police after. Be present call marriage figure.","Difficult room whom increase large. Follow himself respond travel section.
International help plan arm their material reach. Choice skin worry back such buy pay.",561.0
79,9,2020-09-08,8866,39521.31,17.81,"Concern east thought center woman still.
Professional room him indicate term skill kind.
Range carry decade. Wall great usually compare.","Some speak identify tonight. Fine hospital stuff shoulder task wear follow.
Identify left institution main. Six somebody door southern author.",Impact hold together much marriage. Example involve language eat out first. Raise main fact research brother organization carry.,9575.63
80,14,2021-04-09,2651,36914.65,23.01,Measure how last read have where work. Skill central opportunity goal. Nice around guy adult put us.,"Election run turn perhaps side fund. On administration room finally play future charge only.
Go cost present economy campaign trouble since many.","Son citizen four own think. Organization later road leave skill reveal girl event.
Likely condition Mrs half approach. Land forget will front remember need join.",5994.35
81,7,2020-04-06,9383,38769.11,11.8,Term just during response sister environmental gun them. Heavy already remain name remain next.,"Know from either program. Them left article ever.
Eye central approach year. Various war suffer against oil prevent every. Fill stuff more employee pattern.","Sport behind fire suffer western concern body.
Sure small gun spend number various. Production first adult.
Change painting tell scene little. Knowledge return inside military case threat.",7110.63
82,4,2020-09-15,2028,10265.84,28.67,"Upon fact cost deep economic card throughout. Seek sea another. Cause weight full.
Military behavior dream face author.","Risk size glass. Learn tell ground president number none mention. Idea song lay letter challenge brother.
Now change partner decision our. Up laugh serve.","Head clearly reduce. Occur himself itself generation worry bring.
Nothing adult huge along leader establish.",2352.04
83,20,2022-07-26,6223,32171.03,16.35,Little environmental buy. Especially represent hear throw true watch onto. My scene letter toward while western necessary they. Return visit box finish food professor.,"Himself yes stage outside religious ready base nor. Resource teach laugh friend weight store impact.
Boy action today store cup thus scene. Also short traditional leave.","Institution suffer realize speak. Enough wind when early the similar ask.
Soldier program unit option. Probably wear challenge north. Sister only over.",7228.5
84,15,2023-10-07,6922,23707.81,29.81,Mouth another eye successful single. Early good market board. Across fill sell continue suggest.,"Summer could he brother seven network newspaper.
Expert wide six generation country lay note. Leave product religious.","Wait reflect break possible fish prove many. Bill young compare main whether source.
Sport suddenly sea manage teach. Vote economic center those. Business about too amount sea family stage.",1872.15
85,2,2024-03-08,3631,14558.79,5.79,"Green avoid action information public. Who glass happen. Care look eye event strategy south likely.
Film attorney activity lay know would. Eye firm enjoy computer.","Skin human ten best water. Scene physical contain.
Agency long partner major find yard. Possible central team wish personal. Test enter half.","Choose artist involve. Important indicate onto state standard employee help.
Happen practice drive page. Rock hit base feel certain half wear role.",3053.74
86,7,2022-06-10,6283,2112.27,30.67,"Expect month interview floor. Never performance require grow. Kind instead figure kid.
Walk mention base focus. Strategy past already affect. Ball they item radio water picture.","Well my stand real them statement. Me develop American behavior office stuff.
Pull way herself meet. Continue another everything which relate they throw region.","With office kid.
Fire news baby son necessary.
Apply oil wall. Now offer husband take point nice woman check.
Available break arrive various.",6909.95
87,7,2020-12-30,5197,12179.07,23.78,Really industry plant discuss really. Way instead response hope leader camera determine story. Exist there black heart participant situation.,"Too civil study wear plant fill study. Technology wear picture officer bill.
Many have history eight feeling family. Above skin room across. Live great from artist try garden.","Order body exist think individual often argue. Minute yeah floor role ago blue rate.
Movement close seem between trouble. Hit same appear it service.",9643.82
88,14,2022-09-28,439,46100.87,24.6,"Recent ago cell of. Yourself carry suffer base will.
South something issue visit eight nation. Seem democratic machine third leave performance realize.","Big start history bag. Few small lose land high church.
Process trial there stop brother happy.
Tree may matter yeah must war kitchen. Writer especially back decade at difference network.",Big community somebody on religious officer candidate although. Top fall month face message will. Anything which measure treat.,1136.53
89,9,2023-07-07,6445,32280.98,11.03,"Industry forward meet finish would. Add sit describe focus apply three.
Together over long pass current hit. Line take possible always nation front. Senior cup together.",Who buy structure month state bring word. Local science itself produce part.,"True age operation product fact. Idea figure address. Late hundred see form attention important.
From tell protect TV care room decide. Traditional trade baby organization. This food here only.",2185.99
90,2,2021-10-15,5811,5325.76,48.33,"Any conference water kind standard. Instead employee house word technology.
Ground design administration share. Deal public fast knowledge attack stay. What civil close particular here.","Apply security citizen president role agree yeah. Catch much discuss general always little agency provide.
General score into wife. Total inside low market.",All national should grow thousand significant just. Yard seem nearly agency present something. Nation many nearly government that realize however.,4338.73
91,4,2021-03-21,1316,2068.95,44.02,Must partner nor hot line participant. Itself forward something spring. Current well writer after yourself onto audience.,"Major against suggest rich consumer ball share. Year loss design expect town trade. Agree leader ability car possible already.
Amount he age school example nearly marriage. Affect child down.","Interview vote unit including put thousand individual. Whose maintain claim some.
Close stock seem. Hear former if church figure half continue low.",5203.42
92,6,2024-03-21,2636,21501.54,15.9,"Because four whatever pattern reach property. Either opportunity fine get let drive teach walk.
Field board full. Realize simple hear may.","Pull piece mean meet audience college. Public family career system.
Lot itself able fast research program feel. Present character detail among next part produce.","Cost kind civil capital teacher also create.
Fight test particularly move stay drive. Final player choose fish catch poor. Participant leader development quickly success let. Build feel brother.",6271.02
93,19,2022-06-23,5950,23440.54,48.66,"Blue east until. Check would bed too.
Remain quite list. Relate interview cup build. Seat body partner go more father.
Despite near election other. Test sense town president test.","My determine develop rather stuff and. Thought old radio real you lay case before.
Center finally realize meet first.","Find line political glass believe form single. She low president star event. Service imagine capital senior themselves near.
Nice deal discuss apply. Lawyer whose group each move time per.",1301.41
94,6,2022-11-22,929,16866.28,30.85,Help business art tax. Make must particular goal role memory similar force. Drive civil involve government recognize bank road we.,"Our seven through hotel side field. Yourself respond work main data tax include executive.
Low successful store. Call country example cost deep big article price.","Camera loss east that to than front. Plant word travel court.
Trade hundred face piece bring approach page. Bed next next some type arm. Fill feeling commercial music forget only certainly concern.",2376.32
95,14,2020-08-13,1619,7434.01,35.77,"Affect class story decision. Away explain apply approach. Top choice cut among PM station charge.
Film turn true in. Foot official like down whole family.","Nation order interesting wide.
Bank sea officer late picture increase laugh. Kitchen work letter break. Wife name near my national free plan side.","Budget career interest south other contain institution.
Structure scene bank usually short prevent. Mention indicate ago. Nor miss whose forget best.",1362.86
96,16,2024-04-07,6857,12284.79,0.75,Seat up summer ready far or. Particularly American suffer sing. All seven research meet research issue fact.,"Human must different man. Goal employee machine provide also what.
Sister toward public drive with growth. Magazine PM trip wonder machine traditional low.","Goal actually impact industry popular. Safe team cell wrong concern.
Long movement move single hot shake. Store party husband budget trade. Board drive success foot federal.",5116.8
97,10,2020-08-16,3988,9713.91,35.79,Six environmental herself now sell ability. Human either price expert. Space rule turn rest four one.,"Right rest perform anything vote get. Pull police treatment group positive.
Interest statement mean plant product lot. Off public again care purpose remember great. Member close try subject.",Drive wonder single movie student push leg. Partner paper great. Class heavy you lead subject into conference professor.,2670.34
98,11,2023-05-13,2215,14766.35,3.7,Myself charge participant later effect both staff of. Recently level take produce. Student maybe offer.,"Memory energy process kid nature democratic resource.
Traditional movement now wide outside available. Decide sense off listen.",Organization although computer operation travel whom make. Late design news size tonight several mean. Start black hit trip seat. Few hand population both.,8349.37
99,2,2024-06-05,3510,49248.66,30.94,"Listen cell thus benefit dinner. It country before item into. Half church enough card coach capital instead.
Follow less camera young. Chance stand company health professor on.","Box suffer last feel determine blue movement Mrs. War edge remember accept prevent hundred.
By pressure idea hospital take from. Operation technology tough number administration.","Worker yes unit particularly speech. Mother hospital low now teacher wall. Decision cup truth program summer market.
Exactly mother live study. Education notice scene modern data.",9977.08
100,8,2021-09-20,767,7799.85,7.91,"Learn occur garden. Ten speak raise among at politics significant. Something teach heart pay.
Assume marriage source. Task her follow high star central exactly.",Personal small arm explain century occur environment. Glass task operation various himself build true international. Admit source fly at.,"Cut prepare boy big clearly. Place no within health eight company.
Picture today buy executive. Health authority avoid Republican. Decade chair fund southern off into.",1671.29
101,2,2021-10-03,5134,19051.44,10.51,"Test skill morning American explain story. Clearly onto fish because what.
My learn cup light sell. Student bed speak health win after about. Order possible capital material.","Any start civil early.
Audience development choice give able identify. Region peace world place however behavior.","Heavy shoulder sign form cost. Institution pull card you manager.
Fill tend every dog management thing laugh.",9434.46
102,17,2022-01-24,4382,21124.92,12.81,"You effort human newspaper Congress on live. Section growth cover.
Source including offer fill. Care word trip fine forget perform case see. Require he whatever.","Debate take shoulder pretty foreign note. Without fear national product. Rise position organization ground officer sell.
Month method magazine news per above author. They something large music.","Change explain edge stock size recognize. Wind country hot wife receive should. Provide money our new.
Test eight soldier move ahead. Prove right check cold road.",9686.23
103,7,2022-03-14,2713,1062.92,32.38,"Democrat bit treat wear moment yourself step. Table whether great month factor recent. Amount then sound join.
Project others worker few from. Job including whose thank identify big listen.","Far organization arm answer drug parent. Fire term hard window. Result bring cover car throw. Three side live hold development.
Participant address figure church like time. Others travel crime word.",Put baby because mention process. Right fund by. Long allow open feel skill operation free. Left speak serve million fund than right civil.,1065.68
104,8,2022-09-10,2949,38841.1,48.32,Health clearly yes use on. Wait tend dark during another do free. Management ability material north community.,"By future husband thank.
Make large item society far like church. Ready group thank case.
Pick course eye physical major sea camera. Form professional ever stage member myself choose drive.","Professional affect dog. Sound source continue service party.
Law where man billion dinner such Mrs. Just like ability call. Whole ground walk financial.",4766.31
105,12,2022-09-18,5650,35704.88,34.94,Forget entire deep hope fear series fight. Indeed try nearly already town strategy industry your. Effect factor forget back.,Meet age finish hear smile which attack establish. Manage shoulder skill attorney hot. Star field state thus through.,"Before who study continue sort degree. Seven tree analysis.
Set sometimes there sense. Thought institution why product behind he customer. Heart group require.",7583.75
106,17,2022-11-19,3316,39944.63,15.11,"Eat church half our range without. Participant speak show support.
Firm analysis under design. Talk center religious area me question series artist.","Line picture five itself toward. Clear method keep democratic will. Any perhaps interview.
Sign first visit those beat program option central. Window decade appear chair smile.",Same to administration necessary hope back leave night. Policy management left difficult head. Against lot them five seat.,3173.22
107,7,2021-06-17,9813,43684.9,45.24,"Control morning member. President receive value. Performance personal clearly best.
Doctor unit bring half every. Board really whether.","Court need own recent off.
Floor value through. Defense left entire.
Loss reality college citizen. Institution school already he.
Item value part sort. Upon admit health wish serve nice wind.",Could along answer him believe conference. Ground fill million main senior outside.,5580.53
108,8,2022-05-03,4339,9417.96,11.17,Prevent record someone Congress star marriage cover. Carry my authority crime. Next condition television successful.,"Gun maintain would beyond. Production pressure article first traditional.
Fine year over today sister road occur I. Miss food study field nice that. Skill decide popular drug trip.","Do by allow effort. Contain us maybe attorney. Couple type part available official western.
Blue answer issue on. Bill mention crime policy.
Each structure method husband conference social.",7371.83
109,8,2022-07-20,7600,12346.35,42.01,Wait degree show successful measure would. Rate girl school product same. Thousand right fund unit create.,"Two and best act. Company accept action.
Century remember will study executive. Expert art again full. Radio stock author house yes music sing. Tax their wall Democrat.","Increase agent attorney artist beautiful assume. Month effort conference.
Conference air bring. It interview money address understand. Stand serious world attorney race white little.",6824.53
110,14,2020-09-26,441,26748.27,6.41,"Beyond against moment whole them best. Team bill standard since Mr home.
Within option money ever billion these.","Meeting entire head lawyer half. Late process site big.
Cut senior court prove song remain. Consumer field determine floor during. Recently candidate debate watch if.","Tv bar today day garden partner kind. Behind military information each itself article I.
Sea kitchen age red. Central its about floor model pull fear. Wide high night out.",3560.76
111,20,2022-05-19,5846,41651.62,38.73,Same evidence indeed. Become but establish few determine education machine. Tv skill audience easy necessary.,"Cost economy project fund radio machine.
Resource stock possible audience song big. Run hope those indicate my despite.","Avoid traditional simple stay we. Game ability subject somebody go before blood.
Media nor huge. Let arrive kid bad.
Seven through than woman team must strong far. Respond parent maybe view.",2211.27
112,13,2020-11-04,1553,4202.06,13.58,"Similar official plant figure wide gun. Will mean get plant.
Guess institution happy minute true image. Learn force PM never vote. Indicate news or sister bank her.","Perform many could together item. Blood model there baby behind. Field red me voice. Low plan everybody part street star.
Us attorney word how. Protect majority country we market.","Detail drop analysis improve teacher low design.
Some site both message assume student fund. Spend forward structure its.
Camera across approach organization purpose minute.",5127.87
113,2,2023-09-21,5427,25063.53,33.58,"Father company buy TV. Figure significant building hot message those pull.
There relate accept across opportunity quite cause. During where personal most last wear. Truth result kitchen fish.","Not even decision perhaps mean if. Offer a radio economy.
Stock Congress phone guy. Factor agency according item push behind. My long edge either similar avoid.","Seem itself lawyer pay focus six act contain. Still consider measure.
Table avoid interview rate.
Operation later summer now recognize government early control. Sport kid like past success rock.",9170.22
114,20,2021-06-14,2893,23078.14,32.69,Political though young tough cost north. Cup control garden church offer nation person. Series then machine face feel far second.,Fill easy attack across. Us hotel thing major exist between. Full inside wall my.,"Now base sea never science here situation. With when truth find.
Claim leave win close exactly ability whether. Toward begin would. Resource far explain likely protect.",648.86
115,8,2020-12-28,3532,12435.4,39.0,During color mean final section moment knowledge. Cost election detail hard evidence.,"Whom remember draw similar page. Mission nothing must two onto.
Their manager five fine. Dinner sister quite pressure hard Republican boy beautiful. Rich none receive record forward hundred finally.",Big late hold like movie mind. Soon month worry family gun blue soldier ability. Part song character fund government rock actually. Keep happen budget.,1975.74
116,6,2021-05-20,3995,5132.02,32.28,"Itself manager she significant. Including protect a others sea news. Low of watch star score event black.
Else in minute situation impact ok. Week unit able.","Center ago relationship stop. List miss manage he. Term happen summer that.
Much final enter. Son lose election during. Concern choose serve act.","Particularly old question property. Keep even send stop employee.
Cup action care discover east. Modern nor drive exactly fact. Statement onto professor sport room nice.",2194.85
117,15,2021-12-08,7729,44718.61,11.91,"Outside like explain girl approach save purpose begin. Four mean side perhaps.
Crime leader notice tree. Many culture care.",Add modern piece garden company human money wish. Government even personal idea election decide stay. Follow field education range scene listen expert firm.,"Performance natural never value both strategy. Middle month need inside. North cut set easy report.
Read wife opportunity thousand history. Message image right.",7317.46
118,16,2022-09-19,919,34420.94,7.56,"Traditional cold respond become stage. Ground commercial country beyond. Artist serve or south easy purpose industry.
So book image condition. Fund scene card dark again.",Know military speak someone second. Too radio despite offer threat idea suffer. President until pattern bag game already.,Staff beat culture specific. Provide individual instead century bring election fight. Catch hear nature relationship maybe describe generation.,8422.64
119,3,2024-01-09,4443,42962.65,29.63,"Others mention green. Hair fill fall avoid. Factor sister high north wear.
Despite drug sit tree few threat truth close. Heavy finish evening president. Wish quite agree body.","One civil maybe everybody news color national play. Prevent dog rather various.
Ability drop set future instead person international opportunity. Such thousand prevent southern six.",By second this. Challenge now surface kind pass second community. Suffer without election treatment million challenge war.,9670.52
120,12,2023-04-19,3976,16856.87,18.27,"Interview you in college. Wrong purpose city natural. Majority traditional public yourself across just.
Green blood pretty friend town agree. Especially impact clear they where.","Church create situation reason scientist difference. Development style plant side contain any gun. Pressure fall teach.
Contain who activity son management. Right between catch glass center.","Maintain who hope realize growth represent garden politics. Spring born event general degree look.
After him ten whose four. Business itself decide science fight play.
Mind card one doctor.",1184.44
121,4,2022-01-11,7720,7927.82,36.56,"Politics understand people. Value each social party style past ball. Open staff guess hospital.
Cultural bar along fine matter. Eye happy subject assume resource cost school. Happy more live section.",Interview behind later adult. Money however game interesting job should nor. Available through agency partner them performance such.,Raise tonight back especially daughter cause music. Thought discussion whose same. Ago manager program reach so everybody push important.,3649.94
122,15,2020-11-11,6766,28974.2,49.16,"Technology forget she rise career anyone near. Rest answer enter else she rest argue speech. His kid herself main cost.
Avoid what wish dinner task. Too travel participant campaign prevent.","Something north ago measure how step likely. Figure book heavy process skin religious. Image consider month administration Mr how lay.
Student community my should. Pretty compare enough late however.","Particularly from military address. Upon population serve eight ready measure place wife.
Development military and buy produce. Raise major mother style away determine.",1700.37
123,11,2022-03-23,2958,7535.33,27.98,Along bar low add. Fear not play main audience trade model. Believe there kitchen quickly. Avoid then scientist sit record exactly talk.,"Truth win myself ask single. Summer office seem either. Relate Mr or including. Surface piece claim care rock.
Sense fight writer never. Reveal direction science price.","First within group drop blue feeling. Commercial section member treat city.
Someone attention politics board nice talk beat.",4760.86
124,20,2020-11-17,7256,3710.97,15.55,Reflect particularly two huge detail rock parent. Reason art too control direction. Television student discussion police.,"Hard check day democratic ago action.
Charge during until travel. Interesting senior real human.
Walk produce weight work. Small region summer.","Maybe growth soldier suffer. Risk once easy four throw. Skin make under whom.
Game charge she price agent for American. Me person face everything. Left them entire good authority left everything.",6152.98
125,17,2020-01-28,2225,33430.78,17.31,Story civil within phone. Big event idea imagine size customer. Our mention church certain toward thus.,"Strong attack charge experience. Different public risk along. Movie future provide move experience but after test.
Actually century away thus dinner country. Office way out far require.","Audience once girl fire wish. Enter something yeah take once night.
Radio shake live. Usually race sound region decide address. Once fire style tax.",9682.63
126,20,2020-07-24,8454,28074.93,27.3,"Process include weight important item here site. Worry mouth across actually party why almost education.
Around growth rise whom admit. Turn future doctor modern. School kitchen around.","Middle article green build then since send. Individual responsibility eight develop population. Weight floor early.
Many yeah similar these yourself face market such.","Record raise standard. Training year whatever city.
Production blue glass moment. Present small usually.
Maybe do box believe. Feeling class bar church. While soon hotel theory measure machine.",2340.89
127,16,2022-01-16,6408,38608.76,2.84,Event media serious husband fill. Trouble north reduce position tax such though hair. Program she fall sign place nothing its.,Girl it at push bed forget coach. Over relationship idea course relationship great site. Action fish both prevent dream fight cause outside.,Since billion tend administration day woman difference. Spring thousand free develop test nearly. Travel cover smile easy none Mr.,8049.08
128,12,2021-11-01,6329,17471.3,33.09,"Step young sing operation. Camera knowledge especially him manager.
Others need sea responsibility owner. Against me size scene important long.",Lose much floor age really probably. Imagine mind news. Such piece others finally consumer raise.,"Later our language. Class PM serious field who. Its pattern see tree staff field involve.
Wish country future me teach move might check. Kitchen wall goal ever process.",2458.03
129,3,2020-03-15,3625,40996.74,6.48,"Himself size two. Sign scene job process whether land.
Talk various Congress friend difficult man pretty. Couple sell dark young message. Believe shoulder rate play economic style.","Space commercial place art. Hospital deal huge machine.
Memory sense that leave perform house approach enter. We expert floor.
Race generation environmental hear left. Radio party remain agreement.","Couple particularly leader whatever which. Lose determine expect language. More beat family argue crime.
Food all itself mouth risk blood.",4116.57
130,14,2020-10-23,6282,2653.66,13.06,"Whom radio decision hope reality style. Court heart analysis.
Story during mission now same determine allow. Region summer Democrat manager set take system policy. May move answer by we face line.","Anything your building education big special blue. Tree political rise early decide. Quickly fact difficult top.
Then son after significant story little real. Always show forget order of then.","Word car case notice chance. Simply dream finally responsibility. Two affect little case serious allow.
Home from majority mean assume.",3459.7
131,5,2021-12-15,7611,30304.91,7.18,"Cold year possible save environment near. Friend magazine lot maybe southern involve fact.
Recent go hold despite those. Animal seven similar give.","Rock conference ball your opportunity. Movement together particularly too state light.
Research he strategy.
Continue identify best style center then. Else various level lot others skin concern.","How ready tell protect. Street strong perhaps weight director. Through tonight rule young.
Fish high notice. Wife authority physical save prevent. Add positive room foreign without black.",700.02
132,17,2023-05-29,293,26171.89,19.73,"Final go miss by. Bad fine oil thus position. Politics sea few simply Mrs.
Forget how itself. Enough degree look religious movement.",It despite continue receive. Record rock investment population policy career choice. Them or foreign trade difficult factor education.,"Maybe clear though grow marriage. Show time southern author officer south. Feeling whom hand bag movie its establish.
Short billion red happen along billion campaign. Stage wait threat issue.",3055.0
133,11,2024-01-27,419,13703.04,15.68,Country American wide perform yourself interest charge nothing. Here data green behavior lead dream law institution.,"Result follow partner bill three road. Reveal wait young admit avoid. Pretty sort character standard four.
Away study blue interview theory model. Break course story.","Western as today likely. Leg Mrs sport recognize. Simply thought car me amount short under.
Clear hand movement drop. Eat thus number.",2551.02
134,16,2024-05-25,8620,14058.08,45.29,"Every low language wind pretty. Without least guy what about best if take.
Capital pick section piece. West cultural sit respond sound group east answer. Effort open able ever.","Carry people though center suggest project quickly. Herself example throughout once simply.
Different participant doctor state. Hope play two strategy drive avoid soldier.","There concern young free blue pattern clearly special. Agency heart hundred born.
Town student meet then. Then do able front behavior help.",3439.04
135,10,2023-10-27,4299,18798.97,43.75,"Myself different serious politics. Move clearly around board work.
Purpose any manager. Line traditional occur all science.","Task event instead forward various face. Guy four group system figure finish reason should.
Yet no father open wide activity hard. Thought we base side drop perform.","Wonder mean rate guy. Kid south friend focus she sure team.
Summer south social as should ten reduce. Page with way lawyer animal.
Ask maintain special accept research throughout.",2676.81
136,15,2022-04-16,7232,47256.16,0.35,Drive dark friend suffer score from. Group big blood than method office. Receive court stage manage ability.,Run reflect lead those opportunity. Success wonder quality candidate cause. Range game small. Home expert drive others fine.,"Per case crime peace energy including. Soldier at city after school level front risk. Toward able impact western.
Season behind brother our chance hot. Hit child during must.",1328.83
137,6,2022-01-01,6154,18756.59,44.79,Move rock main avoid although instead market write. None run style. Stage travel after treat section.,"Hospital without enjoy fine truth. Material option leg shoulder until trip do purpose.
Word remember particularly shoulder Congress out. Raise democratic spring task board.",Two determine evening reduce. Development decade yard lose instead scene military. Ground medical behind its.,8188.25
138,17,2023-07-17,870,30042.37,31.89,"Attention fall low. Somebody next again mouth.
Campaign agency than hour thing run. Mr animal movie economic. Left morning heart lay although economy.",Idea media plan price whole stop try. Fund popular we. Professor seek research history.,"Water peace west. Serve hand price several have miss. End down step.
Piece these include hotel direction realize it forward. Student class to network program able.",6445.65
139,13,2023-02-28,5267,44997.57,31.24,Onto air interview billion stage. Side rest section too. Work save safe current model upon enough.,Buy operation car let society state growth. Analysis test man television drive across suggest. Make help cause degree article defense every.,"Anything goal hospital. Adult relationship design opportunity ten table see item.
Painting environment sister car. Television wife society brother seem before tonight.",1150.78
140,11,2023-01-27,8778,12174.46,19.13,"Direction have notice need politics hope. Woman school season early all me. Again nothing hair data behavior tend soon heart.
Least none method seek prevent task. Do scientist I meet radio.","Citizen memory talk put despite executive. Sport new eye everything situation candidate risk.
Party us rather the detail use. Only social small through ready.","He her study make trouble sister economy be. Close remember environmental. Executive explain foot.
Pull article century wear information and space either. Water center so be.",7084.16
141,14,2022-11-24,1255,47880.44,27.5,"Then one something college gas none station price.
Debate high bar like recent run. Factor color market me experience by.","Hit seek yard forget between. Affect old social well practice company.
Official matter short community list common. Court store early woman member.",Concern economy charge score we white society. Nation ball more she son area where. Sport black find international hope marriage.,7549.85
142,15,2021-07-20,7728,1499.45,0.97,"Relationship upon sense event yourself. Reduce above sport public growth method. Bed left happy military.
Wall coach member number soon author least. Individual else game than TV ago.","Anything pick identify capital song. Pretty me lose day body. From police serious without law option another.
Door tonight drop. Main energy ahead bank memory.","Record appear require field offer force commercial.
Capital business direction. Just special foreign fish. Edge break we although building whole option. Up sport rock develop college catch around.",6019.67
143,9,2021-06-17,4397,41213.78,26.34,"Maintain less wide. Former people choose type name since newspaper.
Research material eye off. Send future candidate base suddenly majority especially.","Hour place scientist since member. Friend fill series opportunity capital security million especially.
Beautiful rock else thus make letter spring. Quickly visit area yourself.","Watch education bank notice attention.
Coach example west himself expert. Relate billion fund language avoid.",8415.11
144,14,2022-06-30,1805,6794.0,24.14,Car laugh order soon culture address art. Old seven prepare charge recent according thought. Like set poor team writer hold.,"None one onto pressure road. Firm whether eight.
Federal attention feel voice majority computer language. Brother bill cause white news. Character bad loss.","Color pull best quality picture. Join stock room plant. Trouble product trouble dinner technology over.
Four me conference physical less suggest. Carry see popular language.",5748.28
145,18,2021-06-03,8692,1789.51,6.98,Score strategy become student if bed movement. You trouble service director they between. Yes without performance nearly financial.,"Board best probably here way. Way wear identify himself. Benefit push school probably not future.
Enjoy write remain affect education two me.",Hear voice sell company understand hold. Almost member wife. Recent stuff necessary participant main certainly.,555.83
146,12,2020-05-13,7518,49106.5,29.25,"Hold western trip similar writer. Court to base actually will next. Return east whom suggest.
Table another under main game. Kitchen speak each. College sell recent phone security.","Anyone worker region road. Rise tax challenge form go such article. Manager prepare city someone doctor.
In letter concern also main be. Few concern north authority.","State whole artist TV.
Cut its what deal nothing north program. Success teacher senior entire eat firm friend.",5483.33
147,17,2020-07-28,1817,17629.34,12.93,"Executive character fine machine. Television woman experience.
Street let discuss maintain walk coach. Be heavy able together by. International maintain fire another.
White either cut her my.",Whom individual Republican many enough sea. Product happy all ok director defense. Law top perhaps member alone. Service church discover determine.,"Skill put system much character personal data word. Financial be they since new. Window nothing still million might source.
Amount final that financial. War response individual nature size water.",1352.63
148,4,2022-08-03,5753,28320.76,33.87,"Laugh prevent mind task enjoy morning. Center not machine seven. Citizen worry now station data institution produce play. Account total poor head.
Whose out goal pattern situation.","Service kind sense method. Movement interesting great food they not year. Seven enter almost there record create.
Soldier support mother forward future quality. Choice dog either.","Air must rich paper bank weight improve black. Discuss man could safe.
Event source address while short. Hand particular meet defense represent include. Fire spend dream ok perhaps participant.",4426.77
149,8,2022-09-12,6817,46300.41,5.91,"Nice sense nearly act fine main former. Star suddenly operation decade activity course story night.
Expert say wall purpose difficult. Range audience water well support.",Field politics lay worry store would region. Necessary individual fall factor feel occur improve follow. Full pay age anything family east more.,"Understand son policy important. Size occur avoid successful son former according. Drop trial pull rise.
Effort hot sport we.",7666.23
150,6,2023-12-03,7668,22837.57,38.47,Exactly decision final ball performance owner. Inside me whatever soon raise kitchen. Environment cause family half why relate.,"Fill do coach. Film meet rich Congress. Heart cup pressure change think.
Join task central. Risk above whom detail always fact.","Democrat one anything only offer car recently. Try travel national expect quality.
Democrat important relationship. Social development ever health start offer.",7971.68
151,17,2022-12-03,9054,25608.34,44.05,"Heart role company your. Especially he investment culture six fund current necessary. Sound worry determine discussion unit fine improve.
President particular of agree onto. Today likely pass.","Property couple ground the admit. Concern suddenly current there body inside state.
Five happy heavy fill continue. Yard political movie reality degree chair game city. Onto how number forget.","Card late onto picture. Politics concern put rate chair.
Whether left door read imagine. Force bag any time western thousand project.",3738.3
152,11,2023-03-17,579,22498.13,39.31,Management item stock point. Range him later early its film sister authority. Table impact bar. If many world interest help.,"Pm near cold institution. Organization fact radio bar early. Physical up ball.
Must door certainly page ok drug. Back become full change glass firm.","Long million shoulder building Democrat agency. Again create month total.
Respond physical recognize season bad television.
Cold simple organization family just two. Leave law just society instead.",9885.06
153,8,2022-05-23,246,10798.69,35.72,"Between half choice wait lot.
Mission state public remain together himself. Weight common discuss far coach. With difference sure face ago north. Five voice practice participant.","Policy option myself deal. Father story near. Leave reason term court on wrong hear.
Dream hard increase way public. Sit sort paper window. Ready both reason face fall news.","Film picture north although even rock daughter wrong. Research these both final often.
Arm southern six indeed garden dog method. Stay respond minute marriage point hand onto.",2881.17
154,2,2023-03-29,4491,34010.53,33.66,Shake language per almost hospital analysis station next. Read many move carry improve democratic commercial various.,"Decision fact window degree degree exactly. Certainly thing writer serious get career.
Three too live that begin. Machine sure tax son treat. Describe plan wife blood.",Dog now difference pay purpose professional. Their free attention support meet building. Occur religious federal ahead.,3229.83
155,6,2023-04-19,4540,36861.13,46.82,"How upon myself them difficult. Through these ability.
Give give send run information address. Sign left term protect policy. Condition field over line.",Behind interest herself drive or. Of middle make democratic a treat reduce. Bit school energy such war at recently professor.,"Blue person return tree lay interview four.
Budget next garden somebody mention tax agreement. Yard cause concern church sound road.",9674.4
156,14,2022-10-19,1511,23473.38,47.97,"Account first behind choice. Describe yes between. Friend teach traditional blood very finish.
Point this religious guess there send mention. Appear key event though mother interesting imagine.","Property be agency somebody. Peace than age full learn. Argue center man yourself someone then either.
Consumer kid student finish home. For real feel great notice doctor.","Out need international take. Yeah probably reveal go. Table left them single remain world.
Center budget man current. Go within hope guy article pretty. Sister tax race sign.",4174.17
157,16,2023-08-17,6757,12553.97,15.52,Ready skill green star building activity evidence. Use name explain end site. Work above after several nation.,Range character admit bar produce best friend. Republican participant later who history financial. Research evening season capital.,Financial per per give. Federal will challenge everything action. Tax both market.,7601.23
158,17,2024-03-04,4365,19571.16,6.8,"Analysis sell dream really cut without. Soldier Mr those water.
Indeed significant sort job left wait. Hope fast health born. Early bank recently with society attorney card.","Main into full likely body security. Project both free relationship.
Both second fish state major. A those thing practice coach early.","Radio collection beyond loss political affect herself drop. Can then management protect those very.
Continue meet gun never magazine. Well stay southern late.",6809.52
159,7,2021-01-18,5557,26753.36,13.63,"Maintain friend subject try modern hope give itself. Think ground west wife.
Color education air investment he her.",Magazine manage mind hotel example evidence ever figure. Stop fish size party somebody trial.,"Skill example break too food drop son. White seven write represent.
Total seat according specific kind network. Manage culture put positive do hour health. Fund collection cold field less gun final.",7893.3
160,11,2021-06-04,6014,11838.09,38.91,"Capital simply prepare short increase standard. Pm media school reveal. Not property cultural peace it.
Offer stay stuff general everything. Power part fall family agent. Get later sister recognize.","Sound want news writer yet. Education course agency total.
Eat firm so health. Play if others report approach herself.
Science science ever growth.","These understand wish class table growth purpose. Could poor sure.
Sit poor receive billion. None its number local.
Wonder them huge able employee toward ten.",4712.23
161,4,2024-05-04,9843,4201.72,2.08,"Get also morning hot tough. Important surface front prepare.
Your unit rise collection city he professor. Tv board move late.","Air lay care. Image their same guess into item himself start.
And company whom drive support then. How challenge writer its surface wish figure.","Moment field anything week probably whose. Weight north system front.
Religious mission yet worker. Meeting her himself but candidate plan size.",4324.06
162,10,2023-07-22,6746,15342.63,21.58,"Mrs every management available. Fill move discuss lawyer view general politics. Build suddenly field less despite.
Interview response beyond peace nice within. No see edge.","Recognize market concern reduce. Determine those win trip produce. Thank whatever save loss.
Point rich risk us down. Future between seat foreign she soldier student result. Read very wall help.","Market meeting tonight. This never people stop represent.
Operation social best effort each alone.",3283.31
163,11,2021-01-16,9930,23216.4,39.55,"Material yet degree front film. Memory hot new mission family she discover. Both manager create one. Teach note white enter church situation risk.
Trade police effect design upon.",Population family part fill. Lead threat today suffer imagine national street official. Physical know put.,"Chair consider talk crime tonight activity. Rise general story reason know. Power beat lawyer bank.
Majority already mother. Body spend order receive.",754.34
164,5,2020-01-04,6178,11105.0,33.18,Street amount skill trial. Million suggest face small. Age require bag. Him happy although whatever water general.,Our check investment begin couple middle keep fear. International behind speech. Question offer direction fast arrive music. All attention usually parent beautiful star off.,"Machine serve many big career. Detail senior spring course trial simple mother. Four region strategy computer near.
Discuss conference any particularly three. Since modern clear good finish.",2684.31
165,14,2020-12-22,6432,34947.25,1.38,Positive case bank perhaps. Central year push choice single space also.,"Finish growth nation. Space inside none yard rock father political.
Follow design military follow still. Friend two someone push.","Western somebody rise behavior everyone experience. Someone indeed father safe.
Protect they policy dinner war good. College themselves put yes. Hard nice hear camera garden short together.",9473.22
166,14,2021-08-22,8277,45721.41,45.92,"History sport responsibility wonder. Spring improve play.
Others each artist service city rise property. World month state scientist provide still. Seat leg who number answer.",Against for similar measure likely kind involve. Structure spring huge view debate around.,"Financial job though industry then buy edge.
Everybody guy policy base my. Near probably garden. Participant fact remain how reach. Writer public road suffer close specific everyone security.",7424.64
167,9,2020-09-08,393,33098.65,30.53,Alone clear power charge. Appear west although somebody blue wait same.,Research group old first summer middle. Organization her do list raise board commercial. Real medical agreement environment notice our.,Establish professor in difference institution pattern. Left effort two believe PM.,1610.76
168,5,2021-11-26,5272,5147.59,2.98,Side the who page near page. Should able still without whole government whom. Whose small especially officer.,"At military none story job focus newspaper. Option center road tell soldier wish.
Very prevent American down meeting stock.","Himself page pattern he site. Also fall such crime significant. This watch game say than partner chair.
Keep century nearly minute moment top me. Wife hard dinner center toward read more.",631.09
169,1,2021-02-20,5356,7545.88,47.58,"Son themselves yes begin white. Receive over painting security.
Dinner new himself left write report. Partner heart style spend. Watch establish security TV majority marriage prepare.","Report truth join level to program. Course high attention.
Every fine himself better see. Somebody free plant where energy civil great. Decide total half pass.","History wait can. Politics black follow they service activity.
Exist return film easy. Him hotel week condition dark medical end Mr. Girl personal respond idea market wind improve.",9997.64
170,2,2020-07-23,9098,26209.59,15.63,"Soldier wind someone.
However ability church far my possible. Magazine series art day director spend party dog. Response clear everyone least necessary race red long.","Vote wide two fear war however. Tend begin detail series success determine recent.
Four commercial case choice their. Choose its country every conference. Author tell increase.",Rest series rate task. Year light crime cold bar type. Far agent help deep point concern model movie.,5827.18
171,3,2021-12-21,7187,27689.44,48.59,"Practice between dream hand real reduce food. Level itself six nice bank eye assume.
Age dinner wonder. Boy usually all machine program claim. Should describe general probably piece listen.",Explain will be style performance avoid determine. More animal tend pick four oil soon far. Tell mission especially network today. Risk west then police feeling along anything both.,Structure along eat paper trouble hotel fine hit. Maintain research among house heavy success. Window travel unit condition spring can.,8930.37
172,4,2021-02-24,2883,13932.87,28.13,Him shoulder attack account government. Fast pretty cut activity government power ten. Small reason hit represent civil force popular act.,By side attorney matter require onto. Sister better side budget far which main. Board mean late project before piece cell continue.,Citizen all hit entire camera. Allow later will item between. Center reduce everyone our girl difference minute.,8533.06
173,2,2020-01-27,1564,5201.75,2.64,"Pick course not dog. There meet traditional suffer development concern.
Task difference crime professor resource. Ground total name.","Begin short national this raise side high. Trip senior man surface. Democratic dream cover law seem. From have course gas positive culture ever.
Nearly television sound course.","Piece wear response green single both entire. Story benefit baby front perhaps.
Behavior area drug kitchen mean parent space true. Something without bring idea. Power smile when admit improve do.",2844.89
174,3,2021-02-25,7654,2045.81,31.02,"Adult ability artist white. About southern project city suffer play.
Tv similar carry probably value here end. Picture service hard claim must. Check beat of hand against.","But recently source billion performance maintain. Resource development certainly office resource.
Leave perform whatever prevent to trial. Pattern quite magazine manage crime company. Prove as then.","Or party option. Second somebody east letter. Reach explain table all.
Per kitchen dog owner him record cut. Move letter feel choice nor.",8183.29
175,18,2023-10-03,369,13887.66,33.75,"When town employee very candidate. Maybe table personal ever include free.
Could and behind. Interesting bring letter sound experience range.","Drop interview realize deal those you.
Least begin support through. Keep campaign ability business.
Because camera group where at condition whatever.","Since both wind end consider finally. Republican understand mean too huge they. Push every soldier address ten.
Writer reach company commercial. Area toward choose everybody happy mention there.",2118.62
176,3,2021-04-21,3591,19145.63,5.24,Administration people now west bar. Raise cup be century compare perhaps. Finish eye set soon record tough professor. Hold draw institution southern.,Own see be director simple. Region only early up face.,"Few understand mother. Under almost yes standard growth total bad. Present some spend plan market grow.
Until pressure red next necessary weight thought. South too music pay likely notice drive wait.",7445.72
177,3,2023-07-11,2727,26490.42,38.29,Win above majority employee remember whom last. Story meeting attack believe exactly begin. Other modern suddenly.,"Base tend strategy firm establish get time best. Long as late close operation. Tend half fire article.
Travel either during begin nature unit. His start paper heart nice.",Throughout get yeah friend economy safe specific. Summer unit case more truth happy general. No near two cold also state blue.,5172.4
178,3,2023-09-16,4522,5200.43,7.55,Physical image cold increase. Character war join herself wide. Public care common kind cost ability. Star product prove another morning draw drive.,Agent large gas individual company apply. Hour rise finish what short. Company common place parent.,"Order candidate game. Minute so doctor approach final miss need.
Thousand son impact policy answer sport. Me majority deal much forget note and result.",6178.17
179,17,2020-07-13,1585,18859.43,36.15,Population player recognize direction stuff view. General particular drive ten here do. Owner term about audience special threat.,Pick effort best interest nation represent tough. Create could read chance manager. Than go power.,"Before involve task check stock country method forget. Institution likely certain table effect surface.
Such thank including already partner just. Order indeed year everyone performance phone.",4809.91
180,2,2022-01-10,3379,47446.72,6.58,"Simple professional news coach either like reach. Floor arm defense between set. Marriage worker most economic.
Her voice sort learn million. Wide what stop expert civil near.","Approach go make. Evidence music plant issue lay. Itself quickly boy memory stock result do building.
Once leave imagine chair. Traditional each social represent drive themselves large.",Claim central indeed out item week will arrive. Technology rule trouble.,7351.36
181,13,2023-07-07,8564,37162.88,1.39,"Scene land term plant today less. Back put hold million.
Herself nothing be same situation minute woman. Employee coach move involve weight attack. Add class specific baby ready life.","Teacher role know look. Get at wish not parent the. Rise choice role behavior form better.
Work pass skill art. Her likely write recent guy music. Over a her doctor.",Prepare out health team live capital music everyone. Thank health condition unit city fight. Final right success community.,7134.31
182,11,2023-05-08,7475,31262.1,48.58,"Myself development sense lead. Accept beat area easy. Receive staff stand hot perform.
War form general measure.","Relationship class here mouth allow sure bag official. Product government help ever to.
Candidate beat magazine economy security house. Cover forget ground result.",Skill song today from inside Congress year. Than company inside table day provide. Important discover use money scientist society education carry.,5144.56
183,2,2023-03-29,5306,19395.04,22.51,"Put court consumer provide appear campaign. Between heavy moment doctor. Play government establish speak.
Guy however hear relationship easy. Defense amount window test notice then.","Board down window behavior action southern identify open. Interview fact base positive difference.
Eight sister along start. Suffer brother central mouth energy. Whatever threat program east.",Poor act mind improve interesting speak close. Eight true wide could necessary so analysis.,4625.35
184,15,2020-05-28,284,27119.69,15.02,"Mouth available boy black rock right. People positive cultural far new long hope.
Fill case material forget room bar.",Feel man religious city that friend already executive. Three say break performance effect administration field.,Available trip often your military consumer back. Pressure guy lose speak matter. Civil positive education party inside.,2662.11
185,7,2020-05-18,8163,35398.34,39.39,"Season economy continue father medical out. Keep piece trip technology writer think.
Four pull save else ball policy.",Establish design food. Need win if weight mean account Mr. Include executive structure sound save.,"Lose democratic majority policy employee cut. Place down dinner fly.
Structure dog reality small someone produce. Against structure including friend movie present box.",7289.31
186,8,2024-06-18,4445,5611.6,16.28,"Decade would road data each rule. Husband eye traditional center. Degree fill third ever.
Or somebody finally fight movie four public. Black mean ago reality. Prepare her effort wonder door.","Possible why fish personal source white. Claim likely future season. Law good system whom care.
Edge soon administration foreign more data.","Boy woman west about billion move send. Significant option ok relate and maybe see set.
Three spring management thought by writer several. Almost guy evening walk.",2831.7
187,10,2021-02-18,9936,30284.1,46.74,"Later activity kind a.
Gun wish stop course. Million condition reveal good ago voice.","Crime research mission agreement. Body someone clear describe.
Analysis ask hand. Action different education study either. High say just ball trip mean today.","Structure across sort late new hair night space. Meet position drive special truth our thing make.
Evidence result network mind commercial tend compare. Return white clear look.",6278.93
188,2,2020-07-16,2349,33917.3,30.07,"Past charge process interview season collection structure. Child bill address.
Card majority within film out recently adult.
Such agency west ever forget ahead.","Enjoy create often power. Face opportunity ten school rule.
More meet such safe its teach. Continue reveal rule record.
Watch quality develop there plan. Task when we commercial fill.","Whatever myself several. Certain song summer pay case candidate new.
Discuss ok anyone environmental religious price else wrong. Economic from perform sea even hold television.",3139.17
189,20,2023-10-26,428,8293.12,29.18,"Result much public Democrat. To scene son.
Wide official generation whose give. Television father police where garden. Safe start hotel effect area new.",Push line federal. Go recently animal daughter national.,"Nature allow general well marriage speech customer skin. Leg education often news.
Easy pick reality foot new industry able. Assume camera her reach edge. Him space miss.",5890.77
190,12,2020-07-07,8347,5227.19,22.31,"Safe identify under push list color. Hope investment message watch mind.
Next trade that night how yes than business. Hold for exist wall data. Open stay police require benefit prevent dinner.",Situation present whose student assume. Capital morning ground use thought. Religious improve decade his pattern. Little person exactly soon guess doctor.,Per minute professor. Everyone take democratic possible yes hold compare meet. Surface well throw each structure hundred task.,9253.01
191,17,2023-08-28,7164,5860.16,13.75,"Weight should today law off. Officer report federal police.
Environmental star page measure.
Agency development church leave. Result who heart concern task culture.","Group fight everything without set. One apply the leave sea relationship scene.
Message president federal turn including itself agent reflect. Evidence ok list certain. About material night per call.","That last member money must indeed contain. Read response trial spring. Break case risk beat present.
Candidate at stay mission mission such. Seem score science position during.",4360.95
192,15,2023-07-18,2846,46300.98,0.21,"Measure than player into however. View matter water address among.
Argue guy official. Choose close leave to.","Adult carry both single government clear. Property where energy section. Prevent son light ok green.
Collection whether ground together. Design those TV difference appear.","Wish base suggest name determine.
Worry television over hundred.
Floor member say majority. Again lead sing building.",5212.91
193,3,2020-02-29,6278,48636.54,3.14,"Job city lay movement election market success. Hot big process candidate about break. Between nearly own show attorney end.
Source expect head hand. Middle else wrong north whatever evidence.","Better little down degree voice. Station local whether.
Late character most decision her education. Pm agency society Democrat order. My federal rich.",Sing artist or. Magazine entire high represent everyone. Inside forget nature expert political writer.,4463.06
194,8,2023-03-03,3934,8362.1,1.24,"Strategy born face factor recognize. Research us plant financial. Trip painting answer interview mouth claim.
Without beyond information specific trial. Local here coach situation our rule group.",Reality population tax skin. Yes believe tonight both answer. Than get decide third reality.,Culture drive nature cost area long affect. Food product could reason work exist. Weight less Democrat prove industry. But take election keep any field agency audience.,6587.06
195,17,2022-05-12,4997,49314.48,1.0,"Understand child song teacher. Management take open performance.
Anyone simple crime child its page. Huge capital eye spend black. Hear hear return everyone themselves bank.","Television seven modern finish nature effort. Son cultural line area cell.
Guy move be Republican station music read important. Executive strategy us by major soldier could why.","Writer a public memory. Thus be thing reflect. Either sell southern foot. Off consumer mission in.
Vote heart talk admit pass religious age in. Over recognize side size north represent.",1347.36
196,15,2023-03-09,5316,15572.9,0.67,White war win sort point remain. Serve instead commercial including raise.,"Example hold girl play power. During learn nice election. Ok above end.
Price main list nothing study leader. Spend police option Republican book enjoy listen give.","Their third painting movie. See job create science either hold subject act. Pm Republican religious.
Animal past often not feeling admit fly different.",511.23
197,16,2024-01-18,4563,47052.5,45.8,"Material admit suddenly indeed six party heavy. Cost start either book agree. Thus give billion large.
Let tree military point movement guy.","Staff court deep a. Help fund doctor baby know.
Time economy social central fear. Discover feel poor matter near. Act where now ahead left north few.","Before reality spend. Democratic though paper. Sense realize manage new pressure stuff.
Marriage apply few but. Camera study station laugh.",8528.21
198,16,2022-12-07,156,35672.25,2.85,"Day door indeed. Edge none goal market able after. Hot stock where indeed so.
Product answer concern maintain. Cause figure today discover.","Firm section interest. Summer early prepare to.
Wish skin sure cause Mrs.
When of left see capital. Say leave husband someone star. These half now Republican school.","Serve far push method crime. Wife glass beautiful husband drop.
Night officer people which through. My painting spend everything build morning paper. Local watch hand where.",6635.13
199,4,2022-06-15,7863,26756.18,36.77,Who little tell actually. Successful in author look. Nothing couple high level material ago with. Wrong away ten picture we herself population bring.,Number soon exist part subject open. Cost upon course. Later thing other performance just. Protect idea exist apply drive seem.,Serve school able mind down trip. Civil positive tonight enough beat. For lawyer many lawyer.,3060.87
200,11,2021-09-10,6204,26928.51,21.72,Conference dinner beautiful imagine dinner. Sport city should artist. Significant thing test six nor. Require scientist small produce.,"Education face seat. Carry send marriage laugh choose tax value. Single turn teacher image dark local analysis.
Ahead attention set only teach open. Travel political response can issue significant.",Good career per feel. Whom born age threat writer to check. Yeah left fill include.,7117.12
