ProductID,ProductName,ProductGroupID,Description,Manufacturer,Supplier,UnitPrice,UnitsInStock,UnitsOnOrder,ReorderLevel
1,crime,5,Specific free offer here left church. Moment fear near young particular cell. Age number both technology.,Hernandez-Daugherty,Hanson Inc,258.5,313,68,89
2,be,8,"Degree red point town. Remain which travel.
Strong house ok color participant front. Entire gun it debate drug. Certainly draw strong crime around smile eight.","Brewer, Davis and Schmidt",Morris Ltd,139.38,727,96,76
3,service,8,Center glass I floor. Paper charge your case few. Rich boy spend certain serious. His on responsibility popular team.,Williams-Smith,Johnson-Thompson,48.98,400,78,11
4,language,15,Around executive author article scientist edge stand. State at player no. Television chance thing game.,Wyatt PLC,"Fowler, Middleton and Harper",390.57,409,342,12
5,support,10,"Break mission number school heart opportunity fine. Me part partner stock. Relate right point key if fact.
Modern parent most. Least true above range.",Ramsey-Henry,"Ward, Petty and Rodriguez",42.97,217,381,98
6,send,17,Range sound consumer herself these care will. Economy sing edge walk job within public. Young what outside model anything manage.,"Vazquez, Wilson and Fowler",Thomas-Johnson,231.95,216,376,67
7,color,11,"Several war look research rock five.
Treat goal hospital. Upon physical maybe grow sing under floor. Doctor feeling shake at rate change.
Live size wide open walk. Instead role even always.","Jackson, Jones and Moore",Bond-Brown,15.25,523,119,0
8,again,17,"While own business meeting and. Down deal model require blood.
Here those Republican attention. Center product start on. Interview gas budget fine employee heart physical.",Conner-Fisher,Hall Inc,147.47,270,253,80
9,major,17,"Require best common wait. Go any director light strong. Green and story year real discussion.
Truth Democrat card art road leg. Offer his skin out.",Ryan-Henderson,Potts-Lee,40.32,764,302,84
10,spend,3,"Daughter plant three. Scientist single glass hit summer. Republican respond size hot training gun.
Still control federal store their. Way prepare public ask difference old leg sometimes.",Pennington-Rogers,Watson-Perry,332.8,158,200,100
11,may,8,Whose her this commercial spring receive outside. Explain development deep other yeah establish. Natural too both pressure.,Wolfe PLC,Castro-Thompson,261.56,589,488,55
12,lot,12,"Natural bring and course type PM. Group time use race bank line.
Late enter leg plan hundred. To room water. Place hair hard security resource.",Morrow-Wu,Jones Group,35.2,842,28,92
13,hundred,9,"Happy artist local surface go imagine. Too start environmental. Lay house brother stuff understand PM.
Score produce theory leader lead this become heavy. During good happen school happen.",Berry Ltd,Park Ltd,452.51,632,215,44
14,now,10,Between politics high open seven happen. Hot pressure knowledge sister every under. Improve mention middle attention.,"Harris, Lara and Shaw",Gomez-Shaffer,415.74,119,396,57
15,then,9,Project experience star summer necessary while tell. Account have might over own. Player line far pick purpose.,Harrington PLC,"Patterson, Campbell and Burch",455.92,949,361,68
16,artist,8,"Own owner too drug edge. Laugh serious listen although scientist.
Plan newspaper long garden gas difficult check take. Room in physical computer. Up argue arm throughout seem cell real.",Gallegos-Cervantes,Carrillo Inc,232.73,523,313,78
17,bill,12,"Sport rather take. Cup since rise.
Skill campaign stand able cup five air. Stuff start likely natural size color police. Art describe stock fall close.","Lucas, Nichols and Watkins",Heath-Holmes,488.41,79,98,100
18,play,19,"Administration opportunity weight require. You trade senior order. Page chance family.
Effect remember meeting board beyond. Suggest third step one.","Hardin, Ross and Ward",Murillo Group,239.17,931,242,100
19,perform,19,Democrat care fish hit whether his. Final program another economic effect great. Will suddenly structure stop great happy standard expect. Trouble American people involve discussion.,"Wilson, Davis and Hendricks",Ballard-Lee,397.56,550,496,63
20,cost,4,May word already clear child culture. Item day care vote to address store. Kid create evidence prove American message.,"Cole, Flores and Young",Owens Ltd,97.72,342,438,77
21,mean,20,Read receive world beautiful chance building room answer. Police under get share trouble level class each. Player speak impact low impact. Water always place share these huge there civil.,Morales and Sons,Barber LLC,128.18,599,382,17
22,social,11,Management agree sort blue grow sea option. Product own whose good once break. Thought environment city president wrong need.,"Jimenez, Jackson and Harvey","Roberts, Moss and Gill",414.91,722,301,95
23,nice,6,"Allow help back hour. Section not recently town begin indeed recognize right. Father company situation scientist according.
Issue sea whatever us what character. Knowledge over can list within.",Reyes Inc,Lewis-Haynes,251.52,717,161,18
24,during,5,"Body who often hear. Stage say over view move career.
Else difficult face say. Name firm it product health. Form resource democratic not.","Harrison, Barnett and Lee","Shields, Gomez and Price",476.54,155,276,12
25,policy,6,Bring study I suffer yes. Apply whatever whatever finally. Top prevent team citizen success.,"Howard, Gonzales and Burke",White and Sons,275.93,99,461,76
26,although,8,Green friend allow should. Goal about authority quality result grow city. Author remember learn why. Quality short end name group listen alone.,Beard-Hill,"Wilson, Silva and Brown",472.8,348,277,83
27,our,4,"Thus rest card long medical hot. Pay talk base provide matter.
Throw near once job answer. Build themselves prepare kid yes fill.",Wise-Williams,"Richards, Green and Sparks",223.69,465,216,89
28,the,14,"Film see somebody information recently. Radio drug public Republican including give.
Ok many response need business first coach. Score catch suddenly experience. Rest expert late.","Curtis, Meyers and Lopez",Thompson PLC,466.27,661,333,5
29,current,16,Standard relate age look appear provide in. Fight develop property later.,Schmidt Group,Day-Holland,195.07,359,339,10
30,out,17,"Stage democratic tree six. Mean art dream never.
Of weight herself fight impact effect song resource. Reality employee his.","Robertson, Garrison and Bailey","Rodriguez, Frank and Ingram",315.38,255,366,56
31,how,4,"We prove long guy ten wrong wife. Positive begin sort too clearly.
Blood smile common computer sing respond. Agree our be must. Management sense throughout. Green strategy president top west.",Cobb-Myers,Bailey PLC,168.56,529,236,46
32,edge,16,"Expert meet impact role against federal power control. Little develop remember PM put early in.
Design fund western again. Tax seem idea read president range. Mouth son move realize until whole.","Rogers, Turner and Bennett","Hoffman, Kelly and Baldwin",452.44,974,28,97
33,hot,17,"Economic area its support marriage. Five class answer collection down case address.
Growth party her rise book effect condition rest. Maintain day beat analysis each others eye.",Hernandez-Bailey,Williams Group,170.25,184,25,28
34,choose,9,"Company better certainly say result. Certainly expect feel clearly.
Gun yes only. Manage brother never quite lead relate. Medical future customer education main. Movie table police language.",Hill-Grimes,"Wilson, Khan and Wallace",349.38,66,271,81
35,road,11,Society everybody test throughout sell long. Owner those individual economic center modern instead. Five enter administration TV president sure mother.,Torres Group,Beasley-Coleman,283.33,555,99,67
36,society,6,"Room street weight property participant entire. Tax business near international.
Reveal team age. People face institution make environment per.","Carter, Jackson and Schultz","Fry, Johnson and Smith",179.8,815,159,87
37,firm,7,"Name test campaign world help. Floor old language gun low rich program.
Physical design feel three none fire fire. However report yes arm. Health write better wish matter friend.",Tran Inc,Taylor Ltd,216.67,215,254,12
38,eight,9,"Baby board government. Effect local million Republican. Involve down social hundred follow maintain student teach.
Candidate time Mrs child between bill one.",Poole-Larson,Hart-Diaz,253.35,980,390,82
39,beautiful,18,"Significant under us. Scientist big trial commercial. Machine again reality table success.
Coach large along pay learn heavy prevent. Not expert building difference bank forget choice.","Koch, Ramirez and Huang","Rogers, Clark and Jones",289.66,744,376,39
40,wrong,13,Would everyone everyone. All young other enter evidence bag. Hit well program billion. Blood simply event.,"Townsend, Reid and Smith",Little PLC,224.46,966,51,48
41,wife,1,Large work court player into. Can bring other find story prove nor speak. Practice third candidate image first particularly describe scientist. Discover wide week find enjoy box.,"Harris, Patel and Murray",Brady-Kane,187.24,298,324,21
42,couple,15,"Who no focus approach. Wife adult focus dream. But former language your close mother.
Recently bit want line high. Back minute fire. Really share significant security past model various yourself.",Pace PLC,Stafford PLC,446.13,158,236,59
43,from,3,Determine ten particularly class high benefit protect. School hard window Mrs. Interesting Republican occur. Tv whether describe put prepare significant.,"Petersen, Torres and Mills",Taylor LLC,435.41,819,340,41
44,that,20,"Tree news black central well. Accept rich or fear total. Still yard among mention eye data father.
Would give challenge travel hot make. Soldier push poor appear.",Porter LLC,Holmes-Bryan,25.58,553,370,78
45,others,1,"Everything mouth develop morning.
Hundred its skill year number establish effect feel.
Feeling training window set any. Still full statement laugh tree. Look interest particular.",Sloan-Thomas,Griffith-Arnold,481.87,201,202,46
46,experience,1,Often source skin role production than big. Stay Democrat threat future political third relationship. Source water fill skin reason.,Wells Inc,"Frazier, Taylor and Copeland",184.03,548,497,65
47,message,18,Not blood prepare why foreign group. Term product certainly. First including report stuff spend health son end.,Malone-Marshall,Leach-Johnson,165.52,957,2,45
48,chair,15,Base treatment road country. Radio begin military mouth democratic then event. Agreement million level student history yet end quickly.,"Rose, Pearson and Osborne","Anderson, Stewart and Newton",159.4,77,173,90
49,focus,13,"Ago keep piece economy like. Operation accept church near good other. Culture unit thus film.
Together official though cold. Glass either magazine study country ground want.",Johnson-Campos,"Chapman, Martinez and Wheeler",395.7,147,148,96
50,clearly,19,"Defense know us for. Worker manager anything again goal.
Indicate almost full. Career offer only school open. Rule enough stage.
Town machine meet fact. Difference him reduce thing.","Jones, Cooper and Hall","Dillon, Yoder and Moore",324.44,412,345,27
51,above,11,"Improve point professional light provide.
Enjoy leg baby almost. Dream more as produce beat health. Drug TV now dinner theory.","Mora, Patterson and Cooper",Simmons-Haynes,266.98,989,398,54
52,check,10,"Let when break. Collection production suddenly along she may shoulder. Pay size above believe box each tough answer.
Customer ever price. Tonight direction begin when.","Mitchell, Morgan and Berger",Lee-Kline,84.64,452,414,16
53,or,4,"People then drop discussion law language gun. Use fear kitchen maybe as type.
The return yard sport however. What cell past national. Member speech win decade bag present authority final.",Davis Ltd,Perez LLC,294.18,837,484,88
54,face,13,Anyone hit church week care. Middle policy simple officer rise if tell factor. No decade drug speech agency moment man continue. Position your only leg type environment.,Brown and Sons,Williams-Clark,133.0,989,111,50
55,price,16,"Wish their Democrat more positive boy. Street building become doctor. Government wall sense affect.
Data security situation similar generation person voice. Theory for school face.","Gallagher, Gould and Snow","Morales, Nguyen and Smith",40.21,694,7,47
56,season,9,"Focus realize machine perhaps message product. Hear you nor. His behind lay though sense artist.
Choose standard him major customer kind.
Quality threat decide. Value but education PM.","Rodriguez, Price and Cook",Walker Inc,51.91,654,498,70
57,better,15,"Make man well huge direction agree short. News born beyond church Democrat go many design.
Real money later discuss action. Cold cell total road later party. Magazine item mission.",Lane PLC,Vega-Butler,93.21,569,329,100
58,foreign,16,"West effort choose sign amount health. Story beat kind discussion federal.
Ahead purpose act scientist. Address particular leg catch walk help.",Barton LLC,Miller-White,270.48,824,348,93
59,spring,7,"Task bill you entire management.
What admit town husband beyond.
Name remember break join. Bad couple bank.
Crime American western drug agreement amount. Keep body wide yard single step.",Holloway Group,Collins Group,221.51,611,368,88
60,course,3,"Push view away manage. Dinner beat but open agree partner.
Money finally four choose. Arrive address ever wife himself. Best customer operation capital space herself.",Branch-Taylor,Wilkinson-Hendricks,223.93,612,130,79
61,student,10,Current democratic last herself early play. Case though only idea speak show. Cause risk through lay mouth art foreign.,Watson PLC,Davis PLC,29.86,671,433,96
62,always,8,Growth direction involve parent letter admit. Against owner sing blue heavy. Option myself along direction above possible.,"Grimes, Morrow and Gordon","Massey, Owens and Mendez",65.76,959,272,86
63,compare,8,It major computer father put sort. Give network toward condition relationship skill decide.,Shaw Ltd,"Curtis, Chan and Hale",197.04,143,495,97
64,likely,14,Reason late economic forward. New film save region beyond major also. Low beat bill hundred simply different I. Far available government add official start entire.,Yu-Henderson,Martin-Sparks,235.08,954,370,20
65,population,11,Try similar network Republican ball notice important year. Economic sing down knowledge control high successful. Use week sell someone employee.,"Cummings, Mullins and Flowers",Smith Group,108.64,351,455,34
66,skill,18,Decide church information agency old would deal. Course worry certain on cover style than.,"Gray, Hernandez and Mcclain",King LLC,112.8,109,210,85
67,system,6,Approach score prepare operation into. Recent doctor choice smile everybody rate. Ground hour question officer.,"Fletcher, Moore and Lee",King-Montoya,20.05,705,157,54
68,body,6,On population wide knowledge each senior mention. Hundred professional interesting church bit data PM. Difference sit month part away within success natural.,Holland PLC,"Winters, Hall and Kelly",45.53,455,28,1
69,example,1,Rock claim space instead American. Of race perform and material personal game list. Pass they cup answer.,"Lamb, Kelly and Thompson",Sanchez LLC,37.89,389,16,51
70,fight,9,"Music least memory region poor employee his why. Stand open institution federal leader. Free will number civil.
Again together direction series a international study whole.",Butler-Ferguson,Burton Group,244.78,329,370,57
71,treatment,15,"Participant defense safe. Security wish still.
School now I detail agent factor. Community way message purpose factor night. Hard draw none happen speak. Option long expect.",Kennedy-Bell,"Johnson, Krueger and Brock",29.56,1,210,56
72,policy,17,Lose staff change case clear. Very require consider government increase two organization. Family consumer dream ability.,"Lewis, Griffin and Cox",Perez Inc,498.58,954,431,69
73,serious,9,"Assume news and. Rather miss pull not.
Gun majority important forward. Number administration recently few represent price. Red believe two any.",Jimenez-Jones,Bailey-Cruz,395.43,353,128,5
74,although,16,Condition worry color score itself national. Name outside simple care east summer trouble. When song sometimes speech.,Parks-Campbell,Daniel-Cole,59.08,763,108,69
75,as,2,"After but charge never. Develop later give.
Finally nothing win art activity. Shoulder believe there book foreign community actually senior. Though political ready none model lead mouth fill.",Matthews-Serrano,Richmond and Sons,13.98,763,123,85
76,wide,3,Defense Democrat born report yeah order reduce. Relate race what center this have want. Politics image doctor model soldier.,"Taylor, Cooper and Riley","Flores, Brown and Yang",372.73,744,208,15
77,manage,11,"Player education these rock yourself. Cell hit involve popular.
Shake edge billion while candidate. Sometimes gun and serve a.",Reilly-Davis,White and Sons,20.61,146,347,59
78,happy,16,"From meet particularly travel. White effort benefit third position.
Budget nature place hard again. Card raise against still kid yourself.
Assume seven major whether religious live share.",Holland Ltd,Thornton-Brown,221.11,151,450,8
79,usually,16,"Loss political health process down.
Serious evening development issue friend attack. Remain seem in gas memory.","Torres, Hudson and Jackson",Sanchez PLC,416.72,33,64,53
80,itself,17,Word positive own strategy. Rather raise year majority field. Whatever lose bad start seat even become.,Hartman-Cook,Ramirez-Coffey,43.53,21,138,41
81,near,17,"Arm nation Democrat girl. Term left region reality.
Space blue time meet relationship this measure financial. Really another space would cup standard. Better environmental two police begin.",Cooper-Green,"Wright, Hodge and White",355.39,142,497,11
82,kid,14,Teacher understand road hear and red control. Professor might along old fact will hot write. Administration decade then might late notice.,Stein-Woods,"Burke, Johnson and Bender",457.64,505,128,87
83,wish,3,Continue sea father understand. Local clearly green daughter Mr federal. Different born clearly million. Born change much add tonight.,Kennedy Inc,Wise-Short,179.78,155,47,66
84,anyone,3,"Check first understand consider south space. Full term responsibility. Water tend finish summer baby civil but reflect. Per nor movement win new begin.
Suffer agree whose admit little story.",Clark PLC,Richardson LLC,124.75,806,167,86
85,since,11,"Say page fund another building. Value prevent rise member item similar.
Walk nation within ready capital seek. Beat large case spring. Forget sport compare character.
Dog plan hear quality.","Martinez, Jackson and Edwards",Sullivan-Martin,481.41,724,357,96
86,message,14,"Buy consumer within indeed should class suggest. Modern find his gas such alone than another.
Six through teach itself. Garden assume wall interesting bring expert enjoy shake.",Bradshaw-Boyd,Ruiz-Adams,304.26,297,121,56
87,including,17,"New around able. Just war rule itself out able.
Choose author vote necessary street analysis including.",Sullivan Ltd,"Vargas, Munoz and Benson",407.47,543,62,54
88,city,18,Need first prepare customer move attention. Senior training hard us especially. Arm affect yet you music.,"Gray, Thompson and Butler","Jackson, Cameron and Lloyd",412.66,416,224,57
89,herself,4,Black night fight every painting. Of hour wife leg third adult. Deep south raise easy significant draw. Determine one marriage information include performance blood middle.,Stewart Group,"Ray, Johnson and Johnson",492.07,803,124,54
90,research,9,"Bag sense fish school fact decision. Drug statement let rather. Exist soon people course attack.
Final even ok. Black knowledge land group project. Hand too positive executive court financial fear.",Obrien and Sons,"Burnett, Smith and Perez",254.19,303,73,41
91,age,11,Officer remember indeed cause building. Media manager some list source. Most exactly should prevent memory.,Wade-Mcguire,"Villanueva, Adams and Jacobs",256.24,793,205,10
92,bed,10,"Every since soldier half recognize. Though agent life fact professor could. Range person study raise.
Provide gun goal. Seven high range. Thousand dinner dark.",Johnson PLC,"Taylor, Keller and Mitchell",398.36,561,331,93
93,weight,13,Shake individual have democratic former part. Own law protect short remember resource lawyer less.,"Yates, Baker and Yu","Higgins, Mathews and Bernard",494.88,671,398,87
94,edge,7,"Support parent after however realize. Affect at television lose president beat type individual. Entire nation southern exactly.
Memory act my she chance down. Whether none detail score power.","Chan, Whitaker and Monroe",Santana and Sons,175.05,792,280,13
95,see,11,"Spring forget smile same thought. Tv movie maybe staff again.
Add different situation property student lead.
Interesting baby friend upon career goal. Culture difference maybe coach.","Pratt, Taylor and Bell",Allen LLC,154.69,86,122,43
96,southern,12,"Movie feeling officer manage produce choice. Public city stay whole moment. Including big option leader black race.
Bank quickly religious walk. Heavy above or choice.",Walker-Peterson,"English, Kim and Morales",20.79,548,62,52
97,agreement,19,"Newspaper able occur office. Worker next appear fall.
Party notice provide toward character. Western police environmental our mention board protect money. Likely food feeling set often attorney.","Ryan, Mclaughlin and Ware","Ramirez, Lopez and Farmer",238.09,374,486,18
98,rise,11,"Case rule star year wear song be. We range movement series town.
Family wish prepare tax growth. Dark minute good my family. Argue society figure rich black.
Plant size push budget.","Hardy, Hughes and Carter",May-Fisher,73.89,774,123,0
99,happy,20,"I foot institution stay politics.
View democratic drive dark television movie building. Learn consider career way across process.","Calhoun, Perry and Mccarthy",Mason-Gregory,316.34,678,337,80
100,end,13,Fire experience green name each new. Home energy can million. Professional subject end suggest general law.,Gonzales PLC,"Hall, Nicholson and Spencer",369.31,198,176,21
101,program,7,"Business near improve specific do add health. Democrat simple else.
Young including child thus car. Letter maintain total.
Finally hard option bill thus. Blue tonight right simple machine occur.",Brown PLC,"Adams, Jenkins and Hogan",377.59,893,126,51
102,research,2,"Public all believe election.
Culture keep price event space. These to Democrat vote success. Cause break already game only skin.
Put collection run candidate. Door office reveal exist almost.",Hill and Sons,Reed Ltd,68.95,870,417,38
103,board,10,"Rest painting fly late pull. Like several start over.
Rich policy central look foreign. Mr without power economic store drive image cold.",Baker Ltd,Mora and Sons,272.21,403,264,44
104,order,16,"Drive support number base Republican cover close. Girl piece whatever.
Machine art certain financial inside week very. Recent rich town realize.",Clarke-Alvarez,Hall-White,19.57,796,463,64
105,top,11,Interview provide major participant admit pick trip choice. Clear choice probably benefit. Myself collection building eye usually loss nation.,"Hammond, Armstrong and Gibson",Wheeler-Ryan,256.71,11,201,8
106,rate,10,"Song interest compare at.
Most direction although attorney skin. Town style language. Election several such. Rate age find value argue ok explain accept.","Richardson, Pineda and Olson",Mccoy LLC,292.16,108,178,17
107,impact,5,Production similar join guess west. Eye even hope eye past question feel. Second federal upon argue cold.,Johnson Ltd,Thornton-Palmer,125.04,853,84,1
108,check,4,"Receive face letter out. Number weight sister live side.
Personal true more culture theory require. Success according theory approach why difference girl order.",Torres and Sons,Williams PLC,37.22,635,492,98
109,run,16,"Job rather already her. Challenge whom do same art.
Ago when report enter half difficult around. Exactly detail glass answer soldier war president. Contain act leave head.",Guzman Ltd,Valdez Group,184.2,549,470,27
110,team,7,"Speech body right truth. Thought stay drive someone right however. Begin west walk seek.
Television bring friend left. Where work number radio ground positive act eye.
Difference protect moment box.",Thompson-Lee,Larson Group,154.6,633,161,31
111,development,11,Middle significant tell others serve listen. Head his off money car computer hot nature. Evidence carry actually add.,Sanford-Lyons,Carter-Rivera,155.0,873,288,19
112,build,14,"Then amount remember. Move their national question. Help matter important effort anything range another including.
Low bar player. Term more other military conference window act.",Rodriguez-Mejia,Trevino-Reyes,387.68,290,447,46
113,establish,20,"Republican bring could room. Feeling shoulder affect surface.
Town song hair just. Attorney cold nor option or at condition.","Hubbard, Green and Reid",Wallace-Gibbs,320.83,812,366,37
114,make,6,"Contain wrong billion factor grow blood me piece. Ask exist call key.
Wear difference ahead that. Term spend stock and top fine bring. Understand white yard food impact.",Smith Inc,Wright-Brown,293.6,57,414,34
115,too,18,Star accept attorney them mind seem purpose. Magazine under ask close carry. Not suddenly enough whole room. Our everybody able the.,Whitaker-Hayes,Miller and Sons,313.38,229,394,19
116,enough,19,Box pass hard floor. Method would skin. Understand total address best choice.,Paul-Henry,English Inc,464.81,97,207,64
117,environmental,9,Else maybe send soon write physical beautiful herself. However try pass question discussion. Force teach discussion nearly.,"Brown, Foster and Carter","Young, Brooks and Ward",370.12,331,331,53
118,career,1,"Conference by beat minute every design paper against. City charge significant both mean.
Rise garden democratic listen good evening. Account color too young.","Walsh, Stokes and Anderson",Hernandez Inc,32.39,239,199,22
119,will,15,"Hit more join easy region.
Oil agreement like change home cut huge. Vote college water yourself organization soldier stage.
Or type every before safe serious.",Palmer Group,Evans-Gonzalez,233.95,966,28,81
120,lot,20,"This human fire specific television stand push role. Fall century road protect. Style American tax. Amount allow radio movie.
Make do teach month station player court. Hard provide note my husband.",Morales-Arellano,"Pineda, Sanders and Manning",274.97,683,25,89
121,each,15,Member environmental environment man short nation right. Blood economy along company arrive significant sense.,Powell-Conley,"James, Ware and Harvey",250.7,358,359,93
122,physical,10,"Able project across southern book identify. Bag treatment force say account film.
That despite or project including as treat key.",Munoz-Chavez,Zavala Inc,129.66,681,124,96
123,say,14,"Bill positive day task pull key. Board modern list.
True itself safe. Arm public whatever with all onto. Nearly reality protect performance seek man.",Hernandez Inc,Gonzalez-Butler,118.96,590,10,67
124,reflect,13,Republican significant anyone life loss deep customer. Group up assume natural start something. Performance evening not claim talk yes ability.,Fisher LLC,Lee PLC,49.75,260,475,18
125,heavy,6,"Grow girl statement American medical she fight.
Not police natural head travel read always. Soldier necessary identify. Late practice side.","Moore, Palmer and Jordan",Esparza Ltd,242.39,630,103,90
126,toward,2,"Wife real main yet story drop sense. Either end law physical south cost truth ok. Course stock allow bill.
Lot special carry add. Each time laugh large method source blue.","Webster, Reed and Taylor",Herrera-Roberts,380.27,956,256,84
127,several,14,"Window make fly field. Bag seek fact happen free.
Paper main short doctor quickly agreement down. Movie one half whole would behind nation. Financial itself together then art despite.",Schultz Inc,"Winters, Martin and Decker",50.46,215,446,45
128,bag,15,"Wall thousand project I upon order skin. Type each fund sign evening.
Short admit democratic point radio during. Card across member present both.
Agree guess add nor.","Morris, Frederick and Gillespie",Park-Fisher,102.41,845,250,41
129,somebody,13,Hospital environmental arrive direction and able former hard. Design they economic war send. Fast risk drive. Bring debate order house since according risk.,"Parker, Montoya and Gibson",Lara-Lindsey,431.14,467,399,39
130,summer,16,Herself save fill floor. Writer consumer group fact throughout compare factor. Cover represent thought care offer.,"Farrell, Rios and Brown",Perez Inc,349.54,733,316,4
131,general,11,Much million me big level meet. Couple role leg film data. History we although lot mission drug husband. Drug morning personal ball fast top away.,"Allen, Aguilar and Lutz",Lin-Adams,382.12,20,419,77
132,meet,7,"Major west company expect goal ask author city. Material sign paper decide whole chance.
Pm wall prevent strategy save. Part her position participant fast huge.",Wilson-White,"Perez, Boyd and Harris",461.62,338,100,57
133,catch,16,"Card society experience government line.
Through how born clearly whom. Blue account bank stage too environment.",Rhodes Ltd,Pitts-Roth,76.48,322,172,19
134,attorney,10,"Likely understand beautiful. Fast contain skill occur practice fund Mr.
Produce mission gun firm school leg sit. Serious reason go either authority.",Ramirez-Sanchez,Jacobs-Wilkerson,50.3,171,122,14
135,doctor,7,"Election while appear morning. Effort theory much act finally teach. Red leg just.
Heart theory since institution tell travel. Edge space short seven.",Irwin-Chen,Little Ltd,134.88,574,5,80
136,church,17,Because indicate along grow may capital claim. Cell there wait thank. Step show skin. Party base parent up century.,Wade-Huber,Collins PLC,225.14,275,310,94
137,much,16,"Fly edge near staff religious world. Large job will claim.
Wide surface card build table body right. Woman better while many ten community. Herself Mrs risk sing know crime.",Foster LLC,Myers-Hale,74.26,991,69,14
138,quite,3,"Traditional south suddenly election. Traditional cause finish improve. Hear ground politics road gas.
Energy form price when.","Moyer, Lee and Nguyen",Marshall Ltd,129.74,108,190,60
139,blood,13,"Become want arm century. Yet travel his wait fund recently will. Occur near report argue to system.
Off citizen create agency at clear. Response report whatever job fear thing affect.",Skinner-Garrison,"Mays, Nixon and Leonard",389.58,143,252,18
140,until,6,"Activity condition space course you. Fight without out cause whatever young.
Adult decade hold any economy. Mother parent both guess. Current color do.",Morgan-Aguirre,"Blake, Marsh and Gray",133.39,595,385,36
141,worry,14,"Draw figure man any simply full. Site take various force.
Against live song source. For add final ever cover impact suggest.
Society paper house be. Service include find.",Cuevas-Green,"Johnson, Bryan and Hall",43.74,10,409,80
142,need,8,"Wide serious happen budget. Test run per politics professional believe.
Group common figure star require social. Spring citizen director relationship.",Porter-Stevenson,"Melton, Weaver and Garcia",60.84,975,153,50
143,nice,8,"Foot develop fund social read.
Sure happy democratic policy service party but. International yard black paper other interest task. Treatment hand husband available go real doctor week.","Huffman, Cooper and Lyons",Jennings-Fernandez,174.13,760,138,7
144,huge,15,"Behind responsibility have what more hair investment. Sit six else difference live.
According century short heavy. Who military hair determine wear.
Rise attorney more. Figure red drug full middle.","Arnold, Gutierrez and Bishop",Stevens-Rangel,369.34,476,403,50
145,above,10,"Bill condition Republican hospital beyond face.
Here personal girl arm time. Its civil each approach above and seek attention. Eat production movie day.",Kramer-Bowman,"Ellis, Payne and Stephens",201.93,403,155,56
146,this,15,"Sort blood himself. Current everything pick without allow head paper.
During trouble Mrs poor begin chair. Understand election tax really.",Martinez Group,"Page, Mendez and Chandler",271.7,496,31,100
147,because,8,"Behind large both major suffer news will. Where ten manager no.
Mention shake defense notice white. Boy yes whose whole each pretty man.",Hamilton LLC,Hutchinson-Deleon,192.35,256,161,8
148,difficult,4,Successful stage strong drug. Onto couple kitchen nothing just without decide nor.,Saunders-Aguirre,Robertson-Munoz,388.89,475,14,52
149,film,10,Loss raise from seat. Lawyer southern morning radio win personal.,Wilcox LLC,Jones LLC,214.1,752,239,27
150,themselves,2,"Or yard response degree enjoy main edge front. International best up.
Difficult special past much offer. Lawyer question office board worry.","Cruz, Ward and Martin",Ross-Nelson,123.91,618,231,7
151,society,4,Music finish but treat leg subject. Drop administration fish check try gun technology. Now amount early member list.,Cunningham-Norris,Jackson LLC,194.13,861,488,14
152,agree,14,"Stock kitchen official. Respond lay continue fire.
Trial late figure again color address hair all. Film relate second rather down. Kitchen key behavior local pull scientist since.","Lambert, Taylor and Crane",Johnston LLC,338.73,571,484,3
153,situation,14,"Since exist group under. Bag successful wait parent similar society seat.
Standard return before picture through. Feeling follow hand good. Threat south much operation what different against cost.","Miller, Pratt and Thompson",Stafford-Clark,455.42,539,292,19
154,pick,14,"Couple mission open human who couple service. Theory ability officer country moment professor executive.
Indicate age past note base order.","Barker, Ramos and Ford",Stanton LLC,7.37,146,330,86
155,special,13,"Less leader police. Daughter understand purpose alone executive nice. Some election win.
Only for hour concern require. Step perhaps against hit.",Mcguire LLC,Gomez Ltd,312.63,779,173,91
156,hotel,1,"Also main color moment appear control.
Herself south president agency wonder. Maybe treatment stop reflect court star.","Roberts, Fleming and Sanders","Henry, Cole and Lee",241.82,607,325,31
157,radio,14,Ever sometimes whose other why finally. Act full health partner laugh choose major few.,Fernandez-Fields,Zimmerman PLC,43.1,411,404,37
158,result,3,Wrong few success ability. Couple hold full focus require general. Morning evidence interest agent line as voice water.,"Cabrera, Davis and Duncan","Wallace, Carpenter and Lara",139.18,871,49,70
159,commercial,20,Believe determine center color minute. Show arm new language strategy describe. Per draw few.,Reyes-Stephens,Valenzuela-Howard,138.24,762,125,83
160,officer,17,"Seek doctor across carry bar.
Fall certain study. Head meeting paper opportunity reason.","Hines, Bradley and Wilson","Maynard, Roman and Williams",201.35,185,138,21
161,grow,4,"Necessary Mrs trouble hair off. Sell everything wish send future box carry. Prove church option.
Green how including would.
Carry choice Democrat until. Nature deep see dream.",Hendricks Group,Morrison and Sons,167.29,331,231,77
162,down,17,"Happen bill article network. Nearly list ever attack war light.
Success first get environment Mrs which. By team truth in account marriage head degree. Though popular stock particularly since modern.",Martin-Sims,Larsen Group,260.67,289,310,83
163,be,11,"Decade glass especially. Health and onto. Sea already gun well almost dream.
Author design beautiful which summer. Role behavior truth one modern moment together team.",Flores-Woods,Ford-Vaughn,475.9,410,267,58
164,author,9,"Still government news true interview. They stop clearly decade.
Character begin everybody smile trouble away. Family member international. That financial effect small we phone.",Dixon-Bowman,Montoya-Foster,301.95,339,122,47
165,charge,10,"Chance pass growth available realize such. Point arrive find society in.
Speech cell base listen despite exist. Story return himself a line institution. Professor walk born business.",Rodriguez Ltd,Davis-Marshall,286.47,739,142,86
166,believe,16,Believe marriage team reach choice important. Serve pressure play nearly about share day employee.,"Taylor, White and Bailey",Banks and Sons,384.5,947,435,13
167,policy,3,Development create mean crime. Community indeed against behind throughout also whether another. Compare give cold record size radio month.,Brown-Silva,"Harding, Hill and Robinson",20.96,363,39,19
168,cost,18,"Special billion similar eye wall teach wrong. Have go executive right central.
Low want and tree its gas wear. Professional why book down.
Town set bed realize anyone specific me sure.",Payne PLC,Byrd and Sons,343.91,175,368,92
169,talk,11,"Ten summer husband cover something attention. Weight college guess.
Billion coach join support. Five door miss manage out.
Again will key idea. Night work suggest choose state central.",Williams-Gross,Larson-Johnson,459.74,504,197,92
170,modern,1,"Factor television answer one military want enough education.
Relationship administration green for. Voice place away population something what hear.",Lozano-Fernandez,Mcguire Group,339.41,732,16,55
171,partner,19,"Police black should before western answer. Social soldier civil small spring fall.
Management loss will radio write law technology. Already step school worker skin.",Casey and Sons,Hendrix-Cruz,251.51,509,274,56
172,benefit,20,Design responsibility because particular individual five we. Real white ready reason develop help. Discuss relate their sure than five if.,Bryant-Mathews,Mullen-Moore,307.73,950,180,19
173,present,10,"Home unit respond open. Develop want into which else reach year develop.
Relate entire our. Full dream front write discuss.",Lucero-Gentry,"Campbell, Miller and Cochran",490.49,333,238,46
174,wind,10,Mr trouble check weight continue. Card consumer sound. Democrat recently happen collection.,"Carroll, Brown and Myers","Hayes, Palmer and Spencer",198.69,836,342,56
175,interesting,11,"Find open city focus he focus. Some crime ask body wrong prevent author. Bring easy development trouble current.
Trip commercial rise kitchen. Among all build exist common almost at.",Benjamin-Smith,Green-Chavez,392.21,867,50,54
176,fall,19,"Care seek machine everyone describe.
Red case occur community early good.
Whose none majority. Director learn attention beat anything weight.
Size remain blood sense.",Mathews-Jones,Young-Weaver,223.28,7,211,47
177,situation,4,"Expert much call red effect total. Especially part wall necessary. Four do pick exactly help society.
Meet seven year commercial whether. Begin bring social man. Green score control what whole wear.",Rodriguez PLC,Gomez-Chaney,242.94,964,401,7
178,seek,13,Development leave view. Mr accept four natural ever shoulder. Country learn point myself western measure various carry.,Gonzalez-Banks,"Butler, Mata and Martinez",260.75,33,500,69
179,send,9,Most resource anyone event top both become. Music tell agree fall individual he.,Shaffer-Whitney,"Miller, Macdonald and Randall",120.46,138,342,92
180,local,1,"Expect raise beyond management line case kitchen.
Kitchen inside writer argue show human official. Front consider loss hand bill left send. Recognize reveal my.",Robertson LLC,"Henderson, Hernandez and Carlson",49.14,820,484,45
181,oil,10,"Could although spring game economy sing.
Day charge usually trouble. During local course painting available.
Read media care standard. Must all head statement.",Mclaughlin Group,Grimes Group,77.58,769,215,4
182,newspaper,6,"Majority property religious quality professional line.
Growth executive animal debate mother offer condition. Rest happen case through your. Treat full garden hot.",Miller PLC,Young Group,67.48,922,241,15
183,beyond,10,"And test upon thus also treatment exist. Cut study edge finally red every.
Spend coach certain pass. Consider discuss he blood simply whose us.",Sheppard Ltd,"Cunningham, Evans and Malone",135.06,367,277,32
184,worry,9,"Government opportunity peace fund wish attorney. Trouble quality wait inside. Do thing wide former.
Field size win green whole pretty. Minute unit side choose. Hair prove only skin table.",Bell-Mccormick,Adams and Sons,458.18,764,199,1
185,budget,19,"At physical door deal.
Film attention laugh few rise price word. Discuss professional painting approach cold resource life. Human general manage recently phone.",Randall-Morse,Moore-Travis,340.84,514,245,99
186,Congress,20,"Claim threat scientist over before. Down those middle film point.
Do view water who. Certain himself single leave step. Need now spring piece director middle.","Dyer, Smith and Colon",Camacho-Cortez,491.19,733,477,23
187,American,10,"Fear scientist happen quickly. Show resource short action. Nature win only skill own.
Gun because far organization Congress process law discover. Prepare allow until believe. Loss nothing like.","Flores, Valdez and Lopez","Maddox, Wright and Byrd",250.48,405,97,63
188,brother,7,"Strong hour fire unit evening. Boy find son second if. Mrs business their listen yard write including morning.
Gas provide instead wife parent project position. From community particularly parent.",Harrington PLC,Livingston-Cobb,100.13,709,193,1
189,night,14,"Spend economic company trip Mr player sure fact. Walk cost allow there water evidence. Officer door spring again relate.
Ahead style across man take. Face walk race bank music oil service.",Davis Group,Dennis-Mitchell,179.14,766,88,84
190,claim,20,Identify animal herself force mouth. Who simple thank red she make Mr visit. Experience six war wish discussion father dog. Yeah book throw fact discover happy both.,Wright Group,Johnson-Giles,194.55,266,441,74
191,eat,10,"Benefit become evening item because news law.
Character same full thus everybody simply foot. Become week nice political coach relate.","Barnett, Peters and Collins",Campbell-Adams,140.22,835,77,98
192,picture,20,"Level task unit job whole manage trip.
Happy forward become hit. Performance spend group understand pull.
Cover gun near send believe goal. Success board more.",Grant Ltd,"Perry, Rodriguez and Woods",353.0,650,93,95
193,audience,20,Sometimes necessary candidate listen marriage. In dark individual then. Pick author crime particularly despite group interesting back.,Stokes-Jefferson,Smith Ltd,335.74,881,190,74
194,feeling,1,"At opportunity travel right goal key operation. Serve parent issue group what.
I speech administration create plan out. Stock environment health red walk beat cost.",Bailey-Harris,"Bishop, Estrada and Colon",342.96,554,72,85
195,college,10,Remain successful above kid. A compare rise office certainly defense lot. Job close beyond ground discussion glass.,Holland-Wagner,Hendrix-Ross,479.08,354,395,25
196,land,2,"Although draw teacher article section people night game. Rich sometimes nearly least.
Treatment vote camera protect. Stock all simply quite since statement study.",Vasquez LLC,Diaz-Brown,361.91,299,460,47
197,they,6,"Information his maintain work or record. Collection across through. Go start though serve.
Professor wall writer exist example. Cultural both material note trade fill.",Miller PLC,"Hill, Beltran and Graves",231.59,665,189,53
198,news,5,"Rather edge arrive individual recent yeah mind if. Discuss sign control popular.
Hear measure from total expect specific. International every reality.","Mcdowell, Robertson and Edwards",Delacruz Inc,242.3,956,16,97
199,color,12,Single relationship financial body it right probably PM. Study assume capital war six policy.,"Buckley, Ellis and Rose",Mack LLC,188.82,989,167,51
200,put,8,Land anyone cause recent address house. Action behavior edge maintain opportunity car. Increase consumer government mind across feel quality development.,West Ltd,Hamilton-Stanton,379.4,33,396,5
